,cdr3.alpha,v.alpha,epitope,bio,cluster
0,CAVAGYGGSQGNLIF,TRAV12-2*01,ELAGIGILTV,TRAV12-2*01-CAVAGYGGSQGNLIF,
1,CALSGGDSSYKLIF,TRAV9-2*01,VHFFKNIVTPRTPG,TRAV9-2*01-CALSGGDSSYKLIF,
2,CAVRPTSGGSYIPTF,TRAV21*01,SLLMWITQV,TRAV21*01-CAVRPTSGGSYIPTF,6
3,CAVRPTSGGSYIPTF,TRAV21*01,SLLMWITQC,TRAV21*01-CAVRPTSGGSYIPTF,6
4,CAVRPTSGGSYIPTF,TRAV21*01,SLLMWITQC,TRAV21*01-CAVRPTSGGSYIPTF,6
5,CAVRPTSGGSYIPTF,TRAV21*01,SLLMWITQC,TRAV21*01-CAVRPTSGGSYIPTF,6
6,CAALIQGAQKLVF,TRAV22*01,GELIGILNAAKVPAD,TRAV22*01-CAALIQGAQKLVF,30
7,CAALIQGAQKLVF,TRAV22*01,GELIGTLNAAKVPAD,TRAV22*01-CAALIQGAQKLVF,30
8,CAVRPLLDGTYIPTF,TRAV21*01,SLLMWITQC,TRAV21*01-CAVRPLLDGTYIPTF,5
9,CAVRPLLDGTYIPTF,TRAV21*01,SLLMWITQC,TRAV21*01-CAVRPLLDGTYIPTF,5
10,CAVRPLLDGTYIPTF,TRAV21*01,SLLMWITQC,TRAV21*01-CAVRPLLDGTYIPTF,5
11,CAVNVAGKSTF,TRAV12-2*01,ELAGIGILTV,TRAV12-2*01-CAVNVAGKSTF,34
12,CILPLAGGTSYGKLTF,TRAV26-2*01,EEYLKAWTF,TRAV26-2*01-CILPLAGGTSYGKLTF,44
13,CILPLAGGTSYGKLTF,TRAV26-2*01,EEYLQAFTY,TRAV26-2*01-CILPLAGGTSYGKLTF,44
14,CAVTTDSWGKLQF,TRAV12-2*01,LGYGFVNYI,TRAV12-2*01-CAVTTDSWGKLQF,29
15,CAVNFGGGKLIF,TRAV12-2*01,ELAGIGILTV,TRAV12-2*01-CAVNFGGGKLIF,49
16,CAVNFGGGKLIF,TRAV12-2*01,AAGIGILTV,TRAV12-2*01-CAVNFGGGKLIF,49
17,CAGGTGNQFYF,TRAV35*01,ELAGIGILTV,TRAV35*01-CAGGTGNQFYF,38
18,CAGGTGNQFYF,TRAV35*01,AAGIGILTV,TRAV35*01-CAGGTGNQFYF,38
19,CAMRGDSSYKLIF,TRAV12-3*01,ALWGPDPAAA,TRAV12-3*01-CAMRGDSSYKLIF,20
20,CAMRGDSSYKLIF,TRAV12-3*01,ALWGPDPAAA,TRAV12-3*01-CAMRGDSSYKLIF,20
21,CAVDRGSTLGRLYF,TRAV22*01,GELIGILNAAKVPAD,TRAV22*01-CAVDRGSTLGRLYF,
22,CAVSGGGADGLTF,TRAV12-2*01,ALGIGILTV,TRAV12-2*01-CAVSGGGADGLTF,24
23,CAVNDGGRLTF,TRAV12-2*01,ELAAIGILTV,TRAV12-2*01-CAVNDGGRLTF,32
24,CAVNDGGRLTF,TRAV12-2*01,ELAGIGALTV,TRAV12-2*01-CAVNDGGRLTF,32
25,CAVNDGGRLTF,TRAV12-2*01,ELAGIGILTV,TRAV12-2*01-CAVNDGGRLTF,32
26,CAVNFGGGKLIF,TRAV12-2*01,ELAGIGILTV,TRAV12-2*01-CAVNFGGGKLIF,49
27,CAVDSATALPYGYIF,TRAV22*01,ILAKFLHWL,TRAV22*01-CAVDSATALPYGYIF,
28,CAVNVAGKSTF,TRAV12-2*01,EAAGIGILTV,TRAV12-2*01-CAVNVAGKSTF,34
29,CAASVYAGGTSYGKLTF,TRAV29/DV5*01,QPLALEGSLQKRG,TRAV29/DV5*01-CAASVYAGGTSYGKLTF,
30,CAASSSAGGTSYGKLTF,TRAV13-1*01,LQPLALEGSLQKRG,TRAV13-1*01-CAASSSAGGTSYGKLTF,
31,CALFLASSSFSKLVF,TRAV16*01,ALWGFFPVL,TRAV16*01-CALFLASSSFSKLVF,1
32,CATDTTSGTYKYIF,TRAV17*01,ENPVVHFFKNIVTP,TRAV17*01-CATDTTSGTYKYIF,
33,CALFLASSSFSKLVF,TRAV16*01,ALWGFFPVL,TRAV16*01-CALFLASSSFSKLVF,1
34,CALFLASSSFSKLVF,TRAV16*01,ALWGFFPVL,TRAV16*01-CALFLASSSFSKLVF,1
35,CALFLASSSFSKLVF,TRAV16*01,ALWGFFPVL,TRAV16*01-CALFLASSSFSKLVF,1
36,CAGELLPYYGMDVW,TRAV27*01,SLLMWITQV,TRAV27*01-CAGELLPYYGMDVW,11
37,CAGELLPYYGMDVW,TRAV21*01,SLLMWITQV,TRAV21*01-CAGELLPYYGMDVW,11
38,CTVYGGATNKLIF,TRAV26-2*01,FSWGAEGQRPGF,TRAV26-2*01-CTVYGGATNKLIF,28
39,CAASSFGNEKLTF,TRAV13-1*01,NPVVHFFKNIVTPR,TRAV13-1*01-CAASSFGNEKLTF,
40,CAVSGGGADGLTF,TRAV12-2*01,EAAGIGILTV,TRAV12-2*01-CAVSGGGADGLTF,24
41,CALSLYSGAGSYQLTF,TRAV9-2*01,QAFWIDLFETIG,TRAV9-2*01-CALSLYSGAGSYQLTF,
42,CARVQYSGYYDWFDPW,TRAV2*01,RMFPNAPYL,TRAV2*01-CARVQYSGYYDWFDPW,
43,CAVRPGGAGPFFVVF,TRAV21*01,EVDPIGHLY,TRAV21*01-CAVRPGGAGPFFVVF,4
44,CAVRPGGAGPFFVVF,TRAV21*01,ESDPIVAQY,TRAV21*01-CAVRPGGAGPFFVVF,4
45,CAVTKYSWGKLQF,TRAV12-2*01,ELAGIGILTV,TRAV12-2*01-CAVTKYSWGKLQF,
46,CAVDSATSGTYKYIF,TRAV22*01,ILAKFLHWL,TRAV22*01-CAVDSATSGTYKYIF,
47,CAVGGGADGLTF,TRAV12-2*01,ELAGIGILTV,TRAV12-2*01-CAVGGGADGLTF,51
48,CAGGGGADGLTF,TRAV12-2*01,ELAGIGILTV,TRAV12-2*01-CAGGGGADGLTF,51
49,CAGQPLGGSNYKLTF,TRAV35*01,VMAPRTLVL,TRAV35*01-CAGQPLGGSNYKLTF,
50,CLVGEILDNFNKFYF,TRAV4*01,APRGPHGGAASGL,TRAV4*01-CLVGEILDNFNKFYF,7
51,CLVVDQKLVF,TRAV4*01,APRGPHGGAASGL,TRAV4*01-CLVVDQKLVF,53
52,CAVNFGGGKLIF,TRAV12-2*01,AAGIGILTV,TRAV12-2*01-CAVNFGGGKLIF,49
53,CAVNFGGGKLIF,TRAV12-2*01,ELAGIGILTV,TRAV12-2*01-CAVNFGGGKLIF,49
54,CAVNVAGKSTF,TRAV12-2*01,AAGIGILTV,TRAV12-2*01-CAVNVAGKSTF,34
55,CAVNDGGRLTF,TRAV12-2*01,AAGIGILTV,TRAV12-2*01-CAVNDGGRLTF,32
56,CAVRPTSGGSYIPTF,TRAV21*01,SLLMWITQV,TRAV21*01-CAVRPTSGGSYIPTF,6
57,CAVGGNDWNTDKLIF,TRAV22*01,SLSKILDTV,TRAV22*01-CAVGGNDWNTDKLIF,
58,CALTRGPGNQFYF,TRAV12-2*01,SLLMWITQV,TRAV12-2*01-CALTRGPGNQFYF,
59,CAVRDINSGAGSYQLTF,TRAV3*01,SLLMWITQV,TRAV3*01-CAVRDINSGAGSYQLTF,
60,CAVKSGGSYIPTF,TRAV12-2*01,SLLMWITQV,TRAV12-2*01-CAVKSGGSYIPTF,
61,CIGGGTTSGTYKYIF,TRAV26-1*01,RMFPNAPYL,TRAV26-1*01-CIGGGTTSGTYKYIF,
62,CAVNDGGRLTF,TRAV12-2*01,EAAGIGILTV,TRAV12-2*01-CAVNDGGRLTF,32
63,CVVNHSGGSYIPTF,TRAV10*01,GVYDGREHTV,TRAV10*01-CVVNHSGGSYIPTF,
64,CAAAMDSSYKLIF,TRAV12-2*01,GADGVGKSAL,TRAV12-2*01-CAAAMDSSYKLIF,17
65,CAVNARRNTPLVF,TRAV8-1*01,ITDQVPFSV,TRAV8-1*01-CAVNARRNTPLVF,22
66,CAVNARRNTPLVF,TRAV8-1*01,IMDQVPFSV,TRAV8-1*01-CAVNARRNTPLVF,22
67,CAVNALLGNQFYF,TRAV12-2*01,ITDQVPFSV,TRAV12-2*01-CAVNALLGNQFYF,21
68,CAVNALLGNQFYF,TRAV12-2*01,ILDQVPFSV,TRAV12-2*01-CAVNALLGNQFYF,21
69,CAMSGLKEDSSYKLIF,TRAV12-3*01,HMTEVVRHC,TRAV12-3*01-CAMSGLKEDSSYKLIF,41
70,CVVQPGGYQKVTF,TRAV12-1*01,HMTEVVRHC,TRAV12-1*01-CVVQPGGYQKVTF,25
71,CAFMGYSGAGSYQLTF,TRAV38-1*01,HMTEVVRHC,TRAV38-1*01-CAFMGYSGAGSYQLTF,39
72,CAFFGQGAQKLVF,TRAV38-1*01,GQVELGGGNAVEVCKGS,TRAV38-1*01-CAFFGQGAQKLVF,
73,CAVQAGGNNRLAF,TRAV20*01,GQVELGGGNAVEVCK,TRAV20*01-CAVQAGGNNRLAF,
74,CIVSHNAGNMLTF,TRAV26-1*01,GQVELGGGNAVEVCKGS,TRAV26-1*01-CIVSHNAGNMLTF,
75,CLVGGAYTGGFKTIF,TRAV4*01,ALHGGWTTK,TRAV4*01-CLVGGAYTGGFKTIF,
76,CAVNPGNQFYF,TRAV12-2*01,LLLGIGILV,TRAV12-2*01-CAVNPGNQFYF,
77,CAVGDDKIIF,TRAV12-2*01,LLLGIGILV,TRAV12-2*01-CAVGDDKIIF,
78,CAVNQFYF,TRAV12-2*01,LLLGIGILV,TRAV12-2*01-CAVNQFYF,
79,CAGNNYGQNFVF,TRAV23/DV6*01,LLLGIGILV,TRAV23/DV6*01-CAGNNYGQNFVF,
80,CLVGDPPYTGGFKTIF,TRAV4*01,LLLGIGILV,TRAV4*01-CLVGDPPYTGGFKTIF,
81,CAVNTGNQFYF,TRAV12-2*01,LLLGIGILV,TRAV12-2*01-CAVNTGNQFYF,37
82,CAVSGTYKYIF,TRAV12-2*01,LLLGIGILV,TRAV12-2*01-CAVSGTYKYIF,
83,CAYRSAIKAAGNKLTF,TRAV38-2/DV8*01,LLLGIGILV,TRAV38-2/DV8*01-CAYRSAIKAAGNKLTF,
84,CAVTAGGGNKLTF,TRAV12-2*01,LLLGIGILV,TRAV12-2*01-CAVTAGGGNKLTF,
85,CVVDPGGGADGLTF,TRAV12-1*01,LLLGIGILV,TRAV12-1*01-CVVDPGGGADGLTF,
86,CAVNTGNQFYF,TRAV12-2*01,LLLGIGILV,TRAV12-2*01-CAVNTGNQFYF,37
87,CAVNQFYF,TRAV12-2*01,LLLGIGILV,TRAV12-2*01-CAVNQFYF,
88,CVVSLGNTDKLIF,TRAV10*01,LLLGIGILV,TRAV10*01-CVVSLGNTDKLIF,
89,CILRDDNDMRF,TRAV26-2*01,LLLGIGILV,TRAV26-2*01-CILRDDNDMRF,
90,CAVNTGNQFYF,TRAV12-2*01,LLLGIGILV,TRAV12-2*01-CAVNTGNQFYF,37
91,CAVNQFYF,TRAV12-2*01,LLLGIGILV,TRAV12-2*01-CAVNQFYF,
92,CAYRSVPKVSGSRLTF,TRAV38-2/DV8*01,MLYQHLLPL,TRAV38-2/DV8*01-CAYRSVPKVSGSRLTF,
93,CAVSGNTGKLIF,TRAV20*01,WMRLLPLL,TRAV20*01-CAVSGNTGKLIF,
94,CAASLKTSYDKVIF,TRAV23/DV6*01,FGDHPGHSY,TRAV23/DV6*01-CAASLKTSYDKVIF,
95,CAENSGGSNYKLTF,TRAV13-2*01,VVVGAVGVGKSALTIQLIQN,TRAV13-2*01-CAENSGGSNYKLTF,16
96,CVAASYNTDKLIF,TRAV12-1*01,SVCAGILSYGV,TRAV12-1*01-CVAASYNTDKLIF,
97,CAASIGSNDYKLSF,TRAV13-1*01,SVCAGILSYGV,TRAV13-1*01-CAASIGSNDYKLSF,
98,CVVNDGTGNQFYF,TRAV12-1*01,SVCAGILSYGV,TRAV12-1*01-CVVNDGTGNQFYF,
99,CAVPDDAGNMLTF,TRAV12-2*01,RLARLALVL,TRAV12-2*01-CAVPDDAGNMLTF,
100,CASMYSGGGADGLTF,TRAV38-1*01,RLARLALVL,TRAV38-1*01-CASMYSGGGADGLTF,
101,CASGGGADGLTF,TRAV38-1*01,RLARLALVL,TRAV38-1*01-CASGGGADGLTF,51
102,CAGGGGADGLTF,TRAV38-1*01,RLARLALVL,TRAV38-1*01-CAGGGGADGLTF,51
103,CSSGGGADGLTF,TRAV38-1*01,RLARLALVL,TRAV38-1*01-CSSGGGADGLTF,51
104,CAYRSGSDGGSQGNLIF,TRAV38-2/DV8*01,RLARLALVL,TRAV38-2/DV8*01-CAYRSGSDGGSQGNLIF,
105,CAVRDDYGQNFVF,TRAV1-1*01,RLARLALVL,TRAV1-1*01-CAVRDDYGQNFVF,27
106,CAASLPQGGSEKLVF,TRAV29/DV5*01,ATGFKQSSKALQRPVAS,TRAV29/DV5*01-CAASLPQGGSEKLVF,
107,CAARPDSNYQLIW,TRAV8-1*01,ALYGFVPVL,TRAV8-1*01-CAARPDSNYQLIW,
108,CATDDSGGYQKVTF,TRAV17*01,AVGSYVYSV,TRAV17*01-CATDDSGGYQKVTF,
109,CAAPGNYGQNFVF,TRAV13-1*01,NLNCCSVPV,TRAV13-1*01-CAAPGNYGQNFVF,18
110,CAAYRSGAGSYQLTF,TRAV29/DV5*01,ALYGFVPVL,TRAV29/DV5*01-CAAYRSGAGSYQLTF,
111,CAFYNQGGKLIF,TRAV24*01,AVGSYVYSV,TRAV24*01-CAFYNQGGKLIF,
112,CAALTDSWGKLQF,TRAV12-2*01,ALYGFVPVL,TRAV12-2*01-CAALTDSWGKLQF,
113,CAVISGGGADGLTF,TRAV12-2*01,NLNCCSVPV,TRAV12-2*01-CAVISGGGADGLTF,
114,CALEAGNKLTF,TRAV6*01,NLNCCSVPV,TRAV6*01-CALEAGNKLTF,
115,CAVSESRNRDDKIIF,TRAV8-6*01,NLNCCSVPV,TRAV8-6*01-CAVSESRNRDDKIIF,
116,CAESGGNNNDMRF,TRAV5*01,ALYGFVPVL,TRAV5*01-CAESGGNNNDMRF,
117,CAVSDARNYQLIW,TRAV8-4*01,ALYGFVPVL,TRAV8-4*01-CAVSDARNYQLIW,
118,CAVEVLQGAQKLVF,TRAV21*01,ALYGFVPVL,TRAV21*01-CAVEVLQGAQKLVF,
119,CAVTGNQFYF,TRAV6*01,VVMSWAPPV,TRAV6*01-CAVTGNQFYF,
120,CAASRDSGYALNF,TRAV13-1*01,VVMSWAPPV,TRAV13-1*01-CAASRDSGYALNF,
121,CAMREANNYGQNFVF,TRAV14/DV4*01,KLFEFLVYGV,TRAV14/DV4*01-CAMREANNYGQNFVF,
122,CAVNLDQTGANNLFF,TRAV12-2*01,VVMSWAPPV,TRAV12-2*01-CAVNLDQTGANNLFF,
123,CAMREGGNYGQNFVF,TRAV14/DV4*01,VVMSWAPPV,TRAV14/DV4*01-CAMREGGNYGQNFVF,
124,CAVGAGEAAGNKLTF,TRAV8-3*01,VVMSWAPPV,TRAV8-3*01-CAVGAGEAAGNKLTF,
125,CAGVLDSNYQLIW,TRAV25*01,VVMSWAPPV,TRAV25*01-CAGVLDSNYQLIW,
126,CAVRGYSGGGADGLTF,TRAV20*01,VVMSWAPPV,TRAV20*01-CAVRGYSGGGADGLTF,42
127,CAVRGYSGGGADGLTF,TRAV20*01,VVMSWAPPV,TRAV20*01-CAVRGYSGGGADGLTF,42
128,CALSDPRGGSQGNLIF,TRAV19*01,PGVLLKEFTVSGNIL,TRAV19*01-CALSDPRGGSQGNLIF,
129,CAFMQGKSTF,TRAV38-1*01,PGVLLKEFTVSGNIL,TRAV38-1*01-CAFMQGKSTF,
130,CAVIIQGAQKLVF,TRAV12-2*01,PGVLLKEFTVSGNIL,TRAV12-2*01-CAVIIQGAQKLVF,30
131,CAGTQGGSEKLVF,TRAV38-1*01,PGVLLKEFTVSGNIL,TRAV38-1*01-CAGTQGGSEKLVF,
132,CAFISTQGGSEKLVF,TRAV21*01,PGVLLKEFTVSGNIL,TRAV21*01-CAFISTQGGSEKLVF,
133,CAMRQGGSEKLVF,TRAV12-3*01,PGVLLKEFTVSGNIL,TRAV12-3*01-CAMRQGGSEKLVF,
134,CALRDSGGGADGLTF,TRAV9-2*01,PGVLLKEFTVSGNIL,TRAV9-2*01-CALRDSGGGADGLTF,
135,CAVPNSGNTPLVF,TRAV41*01,PGVLLKEFTVSGNIL,TRAV41*01-CAVPNSGNTPLVF,23
136,CAVPNSGNTPLVF,TRAV41*01,PGVLLKEFTVSGNIL,TRAV41*01-CAVPNSGNTPLVF,23
137,CAEAENQAGTALIF,TRAV5*01,PGVLLKEFTVSGNIL,TRAV5*01-CAEAENQAGTALIF,
138,CAVTGANNLFF,TRAV17*01,VAANIVLTV,TRAV17*01-CAVTGANNLFF,
139,CAGTRNNLFF,TRAV35*01,VAANIVLTV,TRAV35*01-CAGTRNNLFF,
140,CAGGSNDYKLSF,TRAV25*01,VAANIVLTV,TRAV25*01-CAGGSNDYKLSF,
141,CALSEATYNQGGKLIF,TRAV19*01,VAANIVLTV,TRAV19*01-CALSEATYNQGGKLIF,
142,CAMREGLTGGFKTIF,TRAV14/DV4*01,VAANIVLTV,TRAV14/DV4*01-CAMREGLTGGFKTIF,
143,CALSPAETSDYKLSF,TRAV19*01,VAANIVLTV,TRAV19*01-CALSPAETSDYKLSF,
144,CAVDMGNTPLVF,TRAV39*01,VAANIVLTV,TRAV39*01-CAVDMGNTPLVF,
145,CALRSGYALNF,TRAV18*01,VAANIVLTV,TRAV18*01-CALRSGYALNF,
146,CAVRDIFNAGNMLTF,TRAV3*01,VAANIVLTV,TRAV3*01-CAVRDIFNAGNMLTF,
147,CAFYSGGGADGLTF,TRAV38-1*01,VAANIVLTV,TRAV38-1*01-CAFYSGGGADGLTF,
148,CAASGTLTTSGTYKYIF,TRAV29/DV5*01,VAANIVLTV,TRAV29/DV5*01-CAASGTLTTSGTYKYIF,
149,CAVVRTQGGSEKLVF,TRAV21*01,VAANIVLTV,TRAV21*01-CAVVRTQGGSEKLVF,
150,CAGILSYGQNFVF,TRAV25*01,VAANIVLTV,TRAV25*01-CAGILSYGQNFVF,
151,CLLMEYGNKLVF,TRAV40*01,VAANIVLTV,TRAV40*01-CLLMEYGNKLVF,
152,CAFFPYGQNFVF,TRAV38-2/DV8*01,VAANIVLTV,TRAV38-2/DV8*01-CAFFPYGQNFVF,
153,CVVQPGGYQKVTF,TRAV12-1*01,HMTEVVRHC,TRAV12-1*01-CVVQPGGYQKVTF,25
154,CAFMGYSGAGSYQLTF,TRAV38-1*01,HMTEVVRHC,TRAV38-1*01-CAFMGYSGAGSYQLTF,39
155,CAMSGLKEDSSYKLIF,TRAV12-3*01,HMTEVVRHC,TRAV12-3*01-CAMSGLKEDSSYKLIF,41
156,CLVGDRDQAGTALIF,TRAV4*01,GADGVGKSAL,TRAV4*01-CLVGDRDQAGTALIF,10
157,CLVGDMDQAGTALIF,TRAV4*01,GADGVGKSAL,TRAV4*01-CLVGDMDQAGTALIF,10
158,CLVGDMDQAGTALIF,TRAV4*01,GADGVGKSAL,TRAV4*01-CLVGDMDQAGTALIF,10
159,CAVDNFNKFYF,TRAV21*01,KVDPIGHVY,TRAV21*01-CAVDNFNKFYF,
160,CAFTELNSGGSNYKLTF,TRAV38-1*01,FVVPYMIYLL,TRAV38-1*01-CAFTELNSGGSNYKLTF,
161,CVVNTNAGKSTF,TRAV12-1*01,VQIISCQY,TRAV12-1*01-CVVNTNAGKSTF,
162,CASSGGNTPLVF,TRAV12-2*01,VQIISCQY,TRAV12-2*01-CASSGGNTPLVF,
163,CAGPTTSGTYKYIF,TRAV35*01,YLSNIIPAL,TRAV35*01-CAGPTTSGTYKYIF,
164,CVVSASYNTDKLIF,TRAV10*01,QLCDVMFYL,TRAV10*01-CVVSASYNTDKLIF,
165,CAVIDYKLSF,TRAV8-1*01,YLYDRLLRV,TRAV8-1*01-CAVIDYKLSF,
166,CAVRGTSGYALNF,TRAV3*01,LYPEFIASI,TRAV3*01-CAVRGTSGYALNF,
167,CAMSPLLETGANNLFF,TRAV12-3*01,MLIGIPVYV,TRAV12-3*01-CAMSPLLETGANNLFF,
168,CAYFGAQKLVF,TRAV38-1*01,KLYGLDWAEL,TRAV38-1*01-CAYFGAQKLVF,36
169,CAYFGAQKLVF,TRAV38-1*01,KLYGLDWAEL,TRAV38-1*01-CAYFGAQKLVF,36
170,CAYFGAQKLVF,TRAV38-1*01,KLYGLDWAEL,TRAV38-1*01-CAYFGAQKLVF,36
171,CAYFGAQKLVF,TRAV38-1*01,KLYGLDWAEL,TRAV38-1*01-CAYFGAQKLVF,36
172,CAYFGAQKLVF,TRAV38-1*01,KLYGLDWAEL,TRAV38-1*01-CAYFGAQKLVF,36
173,CARYYGQNFVF,TRAV38-1*01,KLYGLDWAEL,TRAV38-1*01-CARYYGQNFVF,
174,CALDDRGSTLGRLYF,TRAV19*01,KLYGLDWAEL,TRAV19*01-CALDDRGSTLGRLYF,
175,CVVSDLYNTDKLIF,TRAV8-2*01,ALDPHSGHFV,TRAV8-2*01-CVVSDLYNTDKLIF,15
176,CVVSDLYNTDKLIF,TRAV8-2*01,ALDPHSGHFV,TRAV8-2*01-CVVSDLYNTDKLIF,15
177,CAMSSLSGNTGKLIF,TRAV12-3*01,ALDPHSGHFV,TRAV12-3*01-CAMSSLSGNTGKLIF,
178,CALPYGNKLVF,TRAV38-1*01,ALDPHSGHFV,TRAV38-1*01-CALPYGNKLVF,31
179,CAVILRSNDYKLSF,TRAV8-1*01,ALDPHSGHFV,TRAV8-1*01-CAVILRSNDYKLSF,
180,CALPYGNKLVF,TRAV38-1*01,ALDPHSGHFV,TRAV38-1*01-CALPYGNKLVF,31
181,CALNPFNAGNMLTF,TRAV12-2*01,ALSPVIPHI,TRAV12-2*01-CALNPFNAGNMLTF,12
182,CALNPFNAGNMLTF,TRAV12-2*01,ALSPVIPHI,TRAV12-2*01-CALNPFNAGNMLTF,12
183,CALNPFNAGNMLTF,TRAV12-2*01,ALSPVIPHI,TRAV12-2*01-CALNPFNAGNMLTF,12
184,CALNPFNAGNMLTF,TRAV12-2*01,ALSPVIPHI,TRAV12-2*01-CALNPFNAGNMLTF,12
185,CALNPFNAGNMLTF,TRAV12-2*01,ALSPVIPHI,TRAV12-2*01-CALNPFNAGNMLTF,12
186,CALNPFNAGNMLTF,TRAV12-2*01,ALSPVIPHI,TRAV12-2*01-CALNPFNAGNMLTF,12
187,CAVGEAGGGNKLTF,TRAV8-3*01,ALSPVIPHI,TRAV8-3*01-CAVGEAGGGNKLTF,13
188,CAVGEAGGGNKLTF,TRAV8-3*01,ALSPVIPHI,TRAV8-3*01-CAVGEAGGGNKLTF,13
189,CAVGEAGGGNKLTF,TRAV8-3*01,ALSPVIPHI,TRAV8-3*01-CAVGEAGGGNKLTF,13
190,CAVGEAGGGNKLTF,TRAV8-3*01,ALSPVIPHI,TRAV8-3*01-CAVGEAGGGNKLTF,13
191,CAFMQFDMRF,TRAV38-1*01,KLFEFLVYGV,TRAV38-1*01-CAFMQFDMRF,52
192,CAFMQFDMRF,TRAV38-1*01,KLFEFLVYGV,TRAV38-1*01-CAFMQFDMRF,52
193,CAVDTNTDKLIF,TRAV2*01,KLFEFLVYGV,TRAV2*01-CAVDTNTDKLIF,48
194,CAVDTNTDKLIF,TRAV2*01,KLFEFLVYGV,TRAV2*01-CAVDTNTDKLIF,48
195,CAVDTNTDKLIF,TRAV2*01,KLFEFLVYGV,TRAV2*01-CAVDTNTDKLIF,48
196,CALYTGANSKLTF,TRAV19*01,TLWCSPIKV,TRAV19*01-CALYTGANSKLTF,
197,CAASQLGGKLIF,TRAV13-1*01,TLWCSPIKV,TRAV13-1*01-CAASQLGGKLIF,
198,CAEKKNSGNTPLVF,TRAV5*01,TLWCSPIKV,TRAV5*01-CAEKKNSGNTPLVF,
199,CAVLQRRSGGSNYKLTF,TRAV8-3*01,TLWCSPIKV,TRAV8-3*01-CAVLQRRSGGSNYKLTF,
200,CAVHGDDYKLSF,TRAV20*01,TLWCSPIKV,TRAV20*01-CAVHGDDYKLSF,
201,CATGNSGGSNYKLTF,TRAV17*01,TLWCSPIKV,TRAV17*01-CATGNSGGSNYKLTF,
202,CAVRFLLGGGGADGLTF,TRAV3*01,TLWCSPIKV,TRAV3*01-CAVRFLLGGGGADGLTF,
203,CAVRDLTLGNDMRF,TRAV3*01,TLWCSPIKV,TRAV3*01-CAVRDLTLGNDMRF,
204,CARPAAERDDKIIF,TRAV17*01,TLWCSPIKV,TRAV17*01-CARPAAERDDKIIF,
205,CAASSVATDKLIF,TRAV13-1*01,FMPDFDLHL,TRAV13-1*01-CAASSVATDKLIF,
206,CAVIPWGANNLFF,TRAV12-2*01,FMPDFDLHL,TRAV12-2*01-CAVIPWGANNLFF,
207,CAFEDSGGSNYKLTF,TRAV38-1*01,EVLPFFLFF,TRAV38-1*01-CAFEDSGGSNYKLTF,
208,CALTGGSTLGRLYF,TRAV19*01,QTNPVTLQY,TRAV19*01-CALTGGSTLGRLYF,
209,CALIQGAQKLVF,TRAV16*01,TLYSLTLLY,TRAV16*01-CALIQGAQKLVF,50
210,CATEPRGGYQKVTF,TRAV17*01,TEDEHFEFY,TRAV17*01-CATEPRGGYQKVTF,
211,CAYRIYYGNKLVF,TRAV38-2/DV8*01,TEDEHFEFY,TRAV38-2/DV8*01-CAYRIYYGNKLVF,
212,CAVGRTGTYKYIF,TRAV8-3*01,FLIYLDVSV,TRAV8-3*01-CAVGRTGTYKYIF,
213,CAVAGGGGADGLTF,TRAV8-3*01,FLIYLDVSV,TRAV8-3*01-CAVAGGGGADGLTF,
214,CVVNTGGSYIPTF,TRAV12-1*01,FLIYLDVSV,TRAV12-1*01-CVVNTGGSYIPTF,
215,CAVSDEGTGGFKTIF,TRAV8-6*01,CISSCNPNL,TRAV8-6*01-CAVSDEGTGGFKTIF,
216,CAYRSVDMEYGNKLVF,TRAV38-2/DV8*01,KLTESLHKV,TRAV38-2/DV8*01-CAYRSVDMEYGNKLVF,
217,CALSEARGGATNKLIF,TRAV19*01,VLDLFQGQL,TRAV19*01-CALSEARGGATNKLIF,40
218,CALSEARGGATNKLIF,TRAV19*01,MMDFFNAQM,TRAV19*01-CALSEARGGATNKLIF,40
219,CALSEARGGATNKLIF,TRAV19*01,MMDFFNAQM,TRAV19*01-CALSEARGGATNKLIF,40
220,CALSSRGSTLGRLYF,TRAV19*01,KLEQLDWTV,TRAV19*01-CALSSRGSTLGRLYF,9
221,CALSSRGSTLGRLYF,TRAV19*01,TMETIDWKV,TRAV19*01-CALSSRGSTLGRLYF,9
222,CALSSRGSTLGRLYF,TRAV19*01,TLEELDWCL,TRAV19*01-CALSSRGSTLGRLYF,9
223,CALSSRGSTLGRLYF,TRAV19*01,LLEDLDWDV,TRAV19*01-CALSSRGSTLGRLYF,9
224,CALSSRGSTLGRLYF,TRAV19*01,VLEEVDWLI,TRAV19*01-CALSSRGSTLGRLYF,9
225,CALSSRGSTLGRLYF,TRAV19*01,NMEYMTWDV,TRAV19*01-CALSSRGSTLGRLYF,9
226,CALSSRGSTLGRLYF,TRAV19*01,NVEYYDIKL,TRAV19*01-CALSSRGSTLGRLYF,9
227,CAVFTFNAGGTSYGKLTF,TRAV12-2*01,ELAGIGILTV,TRAV12-2*01-CAVFTFNAGGTSYGKLTF,
228,CAVGGGADGLTF,TRAV12-2*01,ELAGIGILTV,TRAV12-2*01-CAVGGGADGLTF,51
229,CAVGTAWRSGGGADGLTF,TRAV12-2*01,ELAGIGILTV,TRAV12-2*01-CAVGTAWRSGGGADGLTF,54
230,CAVPIKAAGNKLTF,TRAV12-2*01,ELAGIGILTV,TRAV12-2*01-CAVPIKAAGNKLTF,
231,CAVSVNMEYGNKLVF,TRAV12-2*01,ELAGIGILTV,TRAV12-2*01-CAVSVNMEYGNKLVF,
232,CAFSNTGNQFYF,TRAV12-2*01,ELAGIGILTV,TRAV12-2*01-CAFSNTGNQFYF,
233,CAVPPAVYNFNKFYF,TRAV12-2*01,EAAGIGILTV,TRAV12-2*01-CAVPPAVYNFNKFYF,3
234,CAVNESGGGADGLTF,TRAV12-2*01,EAAGIGILTV,TRAV12-2*01-CAVNESGGGADGLTF,
235,CAALTGFQKLVF,TRAV12-2*01,EAAGIGILTV,TRAV12-2*01-CAALTGFQKLVF,
236,CAVPPAVYNFNKFYF,TRAV12-2*01,EAAGIGILTV,TRAV12-2*01-CAVPPAVYNFNKFYF,3
237,CAVNNARLMF,TRAV12-2*01,EAAGIGILTV,TRAV12-2*01-CAVNNARLMF,
238,CAVNLAWNNNARLMF,TRAV12-2*01,EAAGIGILTV,TRAV12-2*01-CAVNLAWNNNARLMF,
239,CAVNSGNQFYF,TRAV12-2*01,EAAGIGILTV,TRAV12-2*01-CAVNSGNQFYF,37
240,CAVRHAGGTSYGKLTF,TRAV12-2*01,EAAGIGILTV,TRAV12-2*01-CAVRHAGGTSYGKLTF,
241,CAVNRNEKLTF,TRAV12-2*01,ELAGIGILTV,TRAV12-2*01-CAVNRNEKLTF,33
242,CAVGTAWRSGGGADGLTF,TRAV12-2*01,ELAGIGILTV,TRAV12-2*01-CAVGTAWRSGGGADGLTF,54
243,CAVKGQTGANNLFF,TRAV12-2*01,ELAGIGILTV,TRAV12-2*01-CAVKGQTGANNLFF,
244,CAVNRNEKLTF,TRAV12-2*01,ELAGIGILTV,TRAV12-2*01-CAVNRNEKLTF,33
245,CAVNSGNQFYF,TRAV12-2*01,ELAGIGILTV,TRAV12-2*01-CAVNSGNQFYF,37
246,CAVNGNNNDMRF,TRAV12-2*01,ELAGIGILTV,TRAV12-2*01-CAVNGNNNDMRF,
247,CAVSRGTGDFNKFYF,TRAV12-2*01,EAAGIGILTV,TRAV12-2*01-CAVSRGTGDFNKFYF,
248,CAALNTGTASKLTF,TRAV12-2*01,EAAGIGILTV,TRAV12-2*01-CAALNTGTASKLTF,
249,CAVNSGNQFYF,TRAV12-2*01,EAAGIGILTV,TRAV12-2*01-CAVNSGNQFYF,37
250,CAVNSGNQFYF,TRAV12-2*01,EAAGIGILTV,TRAV12-2*01-CAVNSGNQFYF,37
251,CAVSAAGNKLTF,TRAV12-2*01,ELAGIGILTV,TRAV12-2*01-CAVSAAGNKLTF,
252,CATDRGTDKLIF,TRAV17*01,EFTVSGNIL,TRAV17*01-CATDRGTDKLIF,
253,CAEGDTGRRALTF,TRAV5*01,ESITGSLGPLL,TRAV5*01-CAEGDTGRRALTF,
254,CAGMDSNYQLIW,TRAV8-3*01,LAMPFATPM,TRAV8-3*01-CAGMDSNYQLIW,
255,CALQGWVRGADGLTF,TRAV38-1*01,KASEKIFYV,TRAV38-1*01-CALQGWVRGADGLTF,
256,CAVEPMEYGNKLVF,TRAV21*01,KASEKIFYV,TRAV21*01-CAVEPMEYGNKLVF,
257,CAVATDSWGKLQF,TRAV21*01,VYFFLPDHL,TRAV21*01-CAVATDSWGKLQF,29
258,CAYRSSNFNEKLTF,TRAV38-2/DV8*01,KASEKIFYV,TRAV38-2/DV8*01-CAYRSSNFNEKLTF,
259,CAVAHSGGYQKVTF,TRAV12-2*01,KASEKIFYV,TRAV12-2*01-CAVAHSGGYQKVTF,
260,CALEVRSSASKIIF,TRAV19*01,MEVDPIGHLY,TRAV19*01-CALEVRSSASKIIF,
261,CVVRGMDSSYKLIF,TRAV10*01,HRRGSRSYV,TRAV10*01-CVVRGMDSSYKLIF,
262,CVVSFSGNTPLVF,TRAV8-2*01,APRGPHGGAASGL,TRAV8-2*01-CVVSFSGNTPLVF,
263,CALSESYSGAGSYQLTF,TRAV19*01,RVRFFFPSL,TRAV19*01-CALSESYSGAGSYQLTF,
264,CILRDTVGSQGNLIF,TRAV26-2*01,VLNGTVHPV,TRAV26-2*01-CILRDTVGSQGNLIF,
265,CAVYGGATNKLIF,TRAV1-2*01,EEAAGIGIL,TRAV1-2*01-CAVYGGATNKLIF,28
266,CLVGDVEGSQGNLIF,TRAV4*01,FQDYIKSYL,TRAV4*01-CLVGDVEGSQGNLIF,
267,CAANSGNTPLVF,TRAV29/DV5*01,RYGSFSVTL,TRAV29/DV5*01-CAANSGNTPLVF,
268,CAASLNTGKLIF,TRAV13-1*01,APRGPHGGAASGL,TRAV13-1*01-CAASLNTGKLIF,
269,CLVGEILDNFNKFYF,TRAV4*01,APRGPHGGAASGL,TRAV4*01-CLVGEILDNFNKFYF,7
270,CATGNDYKLSF,TRAV17*01,APRGPHGGAASGL,TRAV17*01-CATGNDYKLSF,
271,CLVVDQKLVF,TRAV4*01,APRGPHGGAASGL,TRAV4*01-CLVVDQKLVF,53
272,CGTETNTGNQFYF,TRAV30*01,YLEPGPVTA,TRAV30*01-CGTETNTGNQFYF,
273,CAASTSGGTSYGKLTF,TRAV13-1*01,YLEPGPVTA,TRAV13-1*01-CAASTSGGTSYGKLTF,
274,CAVLSSGGSNYKLTF,TRAV21*01,YLEPGPVTA,TRAV21*01-CAVLSSGGSNYKLTF,
275,CATDGDTPLVF,TRAV17*01,YLEPGPVTA,TRAV17*01-CATDGDTPLVF,
276,CAVRPTSGGSYIPTF,TRAV21*01,SLLMWITQC,TRAV21*01-CAVRPTSGGSYIPTF,6
277,CAVNFGGGKLIF,TRAV12-2*01,AAGIGILTV,TRAV12-2*01-CAVNFGGGKLIF,49
278,CAGGTGNQFYF,TRAV35*01,AAGIGILTV,TRAV35*01-CAGGTGNQFYF,38
279,CAVRPTSGGSYIPTF,TRAV21*01,SLLMWITQC,TRAV21*01-CAVRPTSGGSYIPTF,6
280,CAVNFGGGKLIF,TRAV12-2*01,AAGIGILTV,TRAV12-2*01-CAVNFGGGKLIF,49
281,CAVRPGGAGPFFVVF,TRAV21*01,EVDPIGHLY,TRAV21*01-CAVRPGGAGPFFVVF,4
282,CAVVPMDSNYQLIW,TRAV8-3*01,MVNTVAGAMK,TRAV8-3*01-CAVVPMDSNYQLIW,
283,CVVQPGGYQKVTF,TRAV12-1*01,HMTEVVRHC,TRAV12-1*01-CVVQPGGYQKVTF,25
284,CALDIYPHDMRF,TRAV6*01,HMTEVVRHC,TRAV6*01-CALDIYPHDMRF,
285,CAFMGYSGAGSYQLTF,TRAV38-1*01,HMTEVVRHC,TRAV38-1*01-CAFMGYSGAGSYQLTF,39
286,CALITGGGNKLTF,TRAV24*01,VVRHCPHHERCSDSD,TRAV24*01-CALITGGGNKLTF,26
287,CAWNSGGSNYKLTF,TRAV12-2*01,RNTFRHSVVVPCE,TRAV12-2*01-CAWNSGGSNYKLTF,16
288,CAVRVWDYKLSF,TRAV3*01,HYNYMCNSSCMGSMN,TRAV3*01-CAVRVWDYKLSF,
289,CAVKGDYKLSF,TRAV8-1*01,HYNYMCNSSCMGSMN,TRAV8-1*01-CAVKGDYKLSF,
290,CAVYTGGFKTIF,TRAV1-2*01,SSCMGGMNWR,TRAV1-2*01-CAVYTGGFKTIF,
291,CAFYYGGSQGNLIF,TRAV1-2*01,SSCMGGMNWR,TRAV1-2*01-CAFYYGGSQGNLIF,
292,CAVYPGGSQGNLIF,TRAV1-2*01,SSCMGGMNWR,TRAV1-2*01-CAVYPGGSQGNLIF,
293,CAVTLSGGYNKLIF,TRAV12-2*01,SCMGGMNWRPILTII,TRAV12-2*01-CAVTLSGGYNKLIF,
294,CILRRLNDYKLSF,TRAV26-2*01,NSKEETGHLENGN,TRAV26-2*01-CILRRLNDYKLSF,
295,CAVEGDTGFQKLVF,TRAV2*01,VLLGVKLFGV,TRAV2*01-CAVEGDTGFQKLVF,
296,CAASLSGGGADGLTF,TRAV13-1*01,TLWCSPIKV,TRAV13-1*01-CAASLSGGGADGLTF,
297,CGADFLMNRDDKIIF,TRAV34*01,APARLERRHSA,TRAV34*01-CGADFLMNRDDKIIF,
298,CAVHRDYKLSF,TRAV1-1*01,YHSIEWA,TRAV1-1*01-CAVHRDYKLSF,
299,CAVSADYKLSF,TRAV1-1*01,YHSIEWA,TRAV1-1*01-CAVSADYKLSF,35
300,CAVSADYKLSF,TRAV1-1*01,YHSIEWA,TRAV1-1*01-CAVSADYKLSF,35
301,CAVPSGSARQLTF,TRAV1-2*01,WLIRETQPITK,TRAV1-2*01-CAVPSGSARQLTF,
302,CAVIKGYSTLTF,TRAV21*01,WLIRETQPITK,TRAV21*01-CAVIKGYSTLTF,
303,CAVKSWSGPGWGNQAGTALIF,TRAV20*01,GLLDEDFYA,TRAV20*01-CAVKSWSGPGWGNQAGTALIF,
304,CVGDFNNAGNMLTF,TRAV12-1*01,HQNPVTGLLL,TRAV12-1*01-CVGDFNNAGNMLTF,
305,CAMRERGTSYDKVIF,TRAV14/DV4*01,APARLERRHSA,TRAV14/DV4*01-CAMRERGTSYDKVIF,
306,CAVRDNYGQNFVF,TRAV3*01,RVSTLRVSL,TRAV3*01-CAVRDNYGQNFVF,27
307,CAASGISGSRLTF,TRAV29/DV5*01,SYMIMEIE,TRAV29/DV5*01-CAASGISGSRLTF,
308,CAVRSAAAGNKLTF,TRAV22*01,GEEDGAGGHSL,TRAV22*01-CAVRSAAAGNKLTF,
309,CAETRGGATNKLIF,TRAV5*01,GEEDGAGGHSL,TRAV5*01-CAETRGGATNKLIF,
310,CATDPSYSSASKIIF,TRAV17*01,APARLERRHSA,TRAV17*01-CATDPSYSSASKIIF,
311,CVVSAAQAGTALIF,TRAV10*01,DPPALASTNAEVT,TRAV10*01-CVVSAAQAGTALIF,
312,CAMSAGANTGNQFYF,TRAV12-3*01,DPPALASTNAEVT,TRAV12-3*01-CAMSAGANTGNQFYF,
313,CILRAPSGNTPLVF,TRAV26-2*01,DPPALASTNAEVT,TRAV26-2*01-CILRAPSGNTPLVF,
314,CVVSPSGGSYIPTF,TRAV10*01,DPPALASTNAEVT,TRAV10*01-CVVSPSGGSYIPTF,
315,CALSDPQIKAAGNKLTF,TRAV9-2*01,DPPALASTNAEVT,TRAV9-2*01-CALSDPQIKAAGNKLTF,
316,CAVAPSQAGTALIF,TRAV2*01,DPPALASTNAEVT,TRAV2*01-CAVAPSQAGTALIF,
317,CAFMKRTNRDDKIIF,TRAV38-1*01,DPPALASTNAEVT,TRAV38-1*01-CAFMKRTNRDDKIIF,
318,CAVGTSYDKVIF,TRAV21*01,MPYGYVLNEF,TRAV21*01-CAVGTSYDKVIF,
319,CVVFTGGGNKLTF,TRAV12-1*01,GYNSYSVSNSEKHIM,TRAV12-1*01-CVVFTGGGNKLTF,26
320,CVVFGGNNARLMF,TRAV12-1*01,GYNSYSVSNSEKHIM,TRAV12-1*01-CVVFGGNNARLMF,
321,CAVGRSNSGGYQKVTF,TRAV8-3*01,GAVGVGKSAL,TRAV8-3*01-CAVGRSNSGGYQKVTF,
322,CAVTVVNAGNNRKLIW,TRAV8-1*01,GAVGVGKSAL,TRAV8-1*01-CAVTVVNAGNNRKLIW,
323,CAVSVNTDKLIF,TRAV8-6*01,YVMAYVMAGVGS,TRAV8-6*01-CAVSVNTDKLIF,
324,CAAAMDSSYKLIF,TRAV12-2*01,GADGVGKSAL,TRAV12-2*01-CAAAMDSSYKLIF,17
325,CAMRRWWDSNYQLIW,TRAV12-3*01,KALARALKEGRIR,TRAV12-3*01-CAMRRWWDSNYQLIW,
326,CASTAGPNFGNEKLTF,TRAV13-1*01,FGDVGSTLF,TRAV13-1*01-CASTAGPNFGNEKLTF,
327,CAVTPNSGGYQKVTF,TRAV8-6*01,NHVVDISKSGLITIA,TRAV8-6*01-CAVTPNSGGYQKVTF,
328,CAVRDRGTGGFKTIF,TRAV1-2*01,ELLVRINRL,TRAV1-2*01-CAVRDRGTGGFKTIF,
329,CAPSYSSASKIIF,TRAV12-3*01,MLFSHGLVK,TRAV12-3*01-CAPSYSSASKIIF,
330,CAMSGYTNAGKSTF,TRAV12-3*01,EMLFSHGLVK,TRAV12-3*01-CAMSGYTNAGKSTF,
331,CAMREDNNARLMF,TRAV14/DV4*01,TLREIRRYQK,TRAV14/DV4*01-CAMREDNNARLMF,
332,CAFMWGLGQNFVF,TRAV38-1*01,WSYDSTLLAY,TRAV38-1*01-CAFMWGLGQNFVF,
333,CAVRRGNNDMRF,TRAV21*01,GDFGLATEKSRWSGS,TRAV21*01-CAVRRGNNDMRF,
334,CIVRAYSGYSTLTF,TRAV26-1*01,GDFGLATEKSRWSGS,TRAV26-1*01-CIVRAYSGYSTLTF,
335,CAVTSNAGKSTF,TRAV12-2*01,GDFGLATEKSRWSGS,TRAV12-2*01-CAVTSNAGKSTF,
336,CAASVRGSTLGRLYF,TRAV13-1*01,DFHFEVFNFVPCSI,TRAV13-1*01-CAASVRGSTLGRLYF,8
337,CAVSGGRGSTLGRLYF,TRAV8-4*01,DFHFEVFNFVPCSI,TRAV8-4*01-CAVSGGRGSTLGRLYF,43
338,CAASVRGSTLGRLYF,TRAV13-1*01,DFHFEVFNFVPCSI,TRAV13-1*01-CAASVRGSTLGRLYF,8
339,CAYRSNNFNKFYF,TRAV38-2/DV8*01,DFHFEVFNFVPCSI,TRAV38-2/DV8*01-CAYRSNNFNKFYF,
340,CAASVRGSTLGRLYF,TRAV13-1*01,DFHFEVFNFVPCSI,TRAV13-1*01-CAASVRGSTLGRLYF,8
341,CAVEERTGGFKTIF,TRAV2*01,DFHFEVFNFVPCSI,TRAV2*01-CAVEERTGGFKTIF,
342,CAVSGGRGSTLGRLYF,TRAV8-4*01,DFHFEVFNFVPCSI,TRAV8-4*01-CAVSGGRGSTLGRLYF,43
343,CLVGDLGANAGNMLTF,TRAV4*01,FNNFTVSFWLRVPKVSASHLE,TRAV4*01-CLVGDLGANAGNMLTF,46
344,CLVGDLGANAGNMLTF,TRAV4*01,FNNFTVSFWLRVPKVSASHLE,TRAV4*01-CLVGDLGANAGNMLTF,46
345,CAVALYGGATNKLIF,TRAV8-3*01,FNNFTVSFWLRVPKVSASHLE,TRAV8-3*01-CAVALYGGATNKLIF,
346,CAGRSGGSNYKLTF,TRAV25*01,FNNFTVSFWLRVPKVSASHLE,TRAV25*01-CAGRSGGSNYKLTF,16
347,CALSEAGTYKYIF,TRAV19*01,VVVGAVGVGK,TRAV19*01-CALSEAGTYKYIF,19
348,CAVNPPDTGFQKLVF,TRAV12-2*01,VVVGAVGVGK,TRAV12-2*01-CAVNPPDTGFQKLVF,2
349,CLVGDFNSNSGYALNF,TRAV4*01,GARGVGKSAL,TRAV4*01-CLVGDFNSNSGYALNF,45
350,CALLQGAQKLVF,TRAV16*01,MTEYKLVVVGAVGVGKSALTIQLI,TRAV16*01-CALLQGAQKLVF,50
351,CAAEAGNHRGSTLGRLYF,TRAV23/DV6*01,VVVGADGVGK,TRAV23/DV6*01-CAAEAGNHRGSTLGRLYF,
352,CAVNPKYTGGFKTIF,TRAV12-2*01,AVGVGKSAL,TRAV12-2*01-CAVNPKYTGGFKTIF,
353,CAEYIQGAQKLVF,TRAV13-2*01,AVGVGKSAL,TRAV13-2*01-CAEYIQGAQKLVF,
354,CAMRANTDKLIF,TRAV12-3*01,MTEYKLVVVGAGDVGKSALTIQLI,TRAV12-3*01-CAMRANTDKLIF,47
355,CAMRANTDKLIF,TRAV12-3*01,MTEYKLVVVGAGDVGKSALTIQLI,TRAV12-3*01-CAMRANTDKLIF,47
356,CAMRGASQGGSEKLVF,TRAV14/DV4*02,VVGAVGVGK,TRAV14/DV4*02-CAMRGASQGGSEKLVF,
357,CAASTGGGNKLTF,TRAV13-1*01,MTEYKLVVVGAVGVGKSALTIQLI,TRAV13-1*01-CAASTGGGNKLTF,
358,CAVEGAGSYQLTF,TRAV12-2*01,MTEYKLVVVGARGVGKSALTIQLI,TRAV12-2*01-CAVEGAGSYQLTF,
359,CAASGNTGTASKLTF,TRAV29/DV5*01,MTEYKLVVVGARGVGKSALTIQLI,TRAV29/DV5*01-CAASGNTGTASKLTF,
360,CAGPRFTSGTYKYIF,TRAV25*01,GVYALIAGA,TRAV25*01-CAGPRFTSGTYKYIF,
361,CAMIRGADGLTF,TRAV12-3*01,GVYALIAGA,TRAV12-3*01-CAMIRGADGLTF,
362,CAVPWGGNTGKLIF,TRAV21*01,GVYALIAGA,TRAV21*01-CAVPWGGNTGKLIF,14
363,CAVPWGGNTGKLIF,TRAV21*01,GVYALIAGA,TRAV21*01-CAVPWGGNTGKLIF,14
364,CIVSRARLMF,TRAV26-1*01,GVYALIAGA,TRAV26-1*01-CIVSRARLMF,
365,CAVGGRASGSARQLTF,TRAV8-3*01,LLEFYLAMPFATP,TRAV8-3*01-CAVGGRASGSARQLTF,
366,CAASNRFSGGYNKLIF,TRAV13-1*01,LLEFYLAMPFATP,TRAV13-1*01-CAASNRFSGGYNKLIF,
367,CAERAGTASKLTF,TRAV5*01,LLEFYLAMPFATP,TRAV5*01-CAERAGTASKLTF,
368,CWSPNQAGTALIF,TRAV10*01,LLEFYLAMPFATP,TRAV10*01-CWSPNQAGTALIF,
369,CAVKKSSGSARQLTF,TRAV12-2*01,LLEFYLAMPFATP,TRAV12-2*01-CAVKKSSGSARQLTF,
370,CAAISNAGGTSYGKLTF,TRAV13-1*01,LLEFYLAMPFATP,TRAV13-1*01-CAAISNAGGTSYGKLTF,
371,CAPVSNAGKSTF,TRAV24*01,LLEFYLAMPFATP,TRAV24*01-CAPVSNAGKSTF,
372,CAASRNFGNEKLTF,TRAV13-1*01,LLEFYLAMPFATP,TRAV13-1*01-CAASRNFGNEKLTF,
373,CAGPYTGANSKLTF,TRAV25*01,LLEFYLAMPFATP,TRAV25*01-CAGPYTGANSKLTF,
374,CAASSPSGGYQKVTF,TRAV13-1*01,LLEFYLAMPFATP,TRAV13-1*01-CAASSPSGGYQKVTF,
375,CASISNTGNQFYF,TRAV24*01,LLEFYLAMPFATP,TRAV24*01-CASISNTGNQFYF,
376,CAEYSGAGSYQLTF,TRAV25*01,LLEFYLAMPFATP,TRAV25*01-CAEYSGAGSYQLTF,
377,CVVIGPFNDYKLSF,TRAV12-1*01,RLPGVLPRA,TRAV12-1*01-CVVIGPFNDYKLSF,
378,CAFMKHEDTGGNTPLVF,TRAV38-1*01,RLPGVLPRA,TRAV38-1*01-CAFMKHEDTGGNTPLVF,
379,CAFDRGSSNAGKLIF,TRAV24*01,LLIRWQHFL,TRAV24*01-CAFDRGSSNAGKLIF,
380,CAGLPYGQNFVF,TRAV35*01,AALPILFQV,TRAV35*01-CAGLPYGQNFVF,
381,CATDKGSGGSNYKLTF,TRAV17*01,ALLLQLFTL,TRAV17*01-CATDKGSGGSNYKLTF,
382,CAALGGDKIIF,TRAV22*01,ALLPGLPAA,TRAV22*01-CAALGGDKIIF,
383,CAVRNTGNQFYF,TRAV1-1*01,ALLPGLPAA,TRAV1-1*01-CAVRNTGNQFYF,
384,CAAPGNYGQNFVF,TRAV13-1*01,ALLPGLPAA,TRAV13-1*01-CAAPGNYGQNFVF,18
385,CAGIVRDDKIIF,TRAV35*01,ALLPGLPAA,TRAV35*01-CAGIVRDDKIIF,
386,CAFLQGGSEKLVF,TRAV38-1*01,RLPGVLPRA,TRAV38-1*01-CAFLQGGSEKLVF,
387,CAFMKHEDSGAGSYQLTF,TRAV38-1*01,RLPGVLPRA,TRAV38-1*01-CAFMKHEDSGAGSYQLTF,
388,CVGGGGSNYKLTF,TRAV12-1*01,RLPGVLPRA,TRAV12-1*01-CVGGGGSNYKLTF,
389,CAPSLMDTGRRALTF,TRAV17*01,RLPGVLPRA,TRAV17*01-CAPSLMDTGRRALTF,
390,CASGLPDTPLVF,TRAV9-2*01,RLPGVLPRA,TRAV9-2*01-CASGLPDTPLVF,
391,CAMIEWDTGRRALIF,TRAV12-3*01,RLPGVLPRA,TRAV12-3*01-CAMIEWDTGRRALIF,
392,CAFFEYDNNARLMF,TRAV38-1*01,RLPGVLPRA,TRAV38-1*01-CAFFEYDNNARLMF,
393,CALSDRDGGTSYGKLTF,TRAV9-2*01,RLPGVLPRA,TRAV9-2*01-CALSDRDGGTSYGKLTF,
394,CAVPLRADLTKLVF,TRAV22*01,RLPGVLPRA,TRAV22*01-CAVPLRADLTKLVF,
395,CALTEVDSSYKLIF,TRAV19*01,RLPGVLPRA,TRAV19*01-CALTEVDSSYKLIF,
396,CALSEATSGTYKYIF,TRAV19*01,RLPGVLPRA,TRAV19*01-CALSEATSGTYKYIF,
397,CAMRAFGNEKLTF,TRAV14/DV4*01,RLGEVRHPV,TRAV14/DV4*01-CAMRAFGNEKLTF,
398,CALSEAGTYKYIF,TRAV19*01,VVVGAVGVGK,TRAV19*01-CALSEAGTYKYIF,19
399,CAVNPPDTGFQKLVF,TRAV12-2*01,VVVGAVGVGK,TRAV12-2*01-CAVNPPDTGFQKLVF,2
400,CLVGDFNSNSGYALNF,TRAV4*01,GARGVGKSAL,TRAV4*01-CLVGDFNSNSGYALNF,45
401,CAVNDQGGGADGLTF,TRAV12-2*01,RMFPNAPYL,TRAV12-2*01-CAVNDQGGGADGLTF,
402,CAVSEGGDYKLSF,TRAV8-4*01,RMFPNAPYL,TRAV8-4*01-CAVSEGGDYKLSF,
403,CAMSLYYGGSQGNLIF,TRAV12-3*01,KIFGSLAFL,TRAV12-3*01-CAMSLYYGGSQGNLIF,
