,cdr3.beta,v.beta,epitope,bio,cluster
0,CASSPQGLGTEAFF,TRBV28*01,ELAGIGILTV,TRBV28*01-CASSPQGLGTEAFF,
1,CASSLADRVNTEAFF,TRBV5-1*01,VHFFKNIVTPRTPG,TRBV5-1*01-CASSLADRVNTEAFF,
2,CASSYVGNTGELFF,TRBV6-5*01,SLLMWITQV,TRBV6-5*01-CASSYVGNTGELFF,10
3,CASSYVGNTGELFF,TRBV6-5*01,SLLMWITQC,TRBV6-5*01-CASSYVGNTGELFF,10
4,CASSYVGNTGELFF,TRBV6-5*01,SLLMWITQC,TRBV6-5*01-CASSYVGNTGELFF,10
5,CASSYVGNTGELFF,TRBV6-5*01,SLLMWITQC,TRBV6-5*01-CASSYVGNTGELFF,10
6,CASTYHGTGYF,TRBV6-6*01,GELIGILNAAKVPAD,TRBV6-6*01-CASTYHGTGYF,33
7,CASTYHGTGYF,TRBV6-6*01,GELIGTLNAAKVPAD,TRBV6-6*01-CASTYHGTGYF,33
8,CASSYLGNTGELFF,TRBV6-5*01,SLLMWITQC,TRBV6-5*01-CASSYLGNTGELFF,10
9,CASSYLGNTGELFF,TRBV6-5*01,SLLMWITQC,TRBV6-5*01-CASSYLGNTGELFF,10
10,CASSYLGNTGELFF,TRBV6-5*01,SLLMWITQC,TRBV6-5*01-CASSYLGNTGELFF,10
11,CAWSETGLGTGELFF,TRBV30*01,ELAGIGILTV,TRBV30*01-CAWSETGLGTGELFF,29
12,CASSLGQAYEQYF,TRBV7-8*01,EEYLKAWTF,TRBV7-8*01-CASSLGQAYEQYF,44
13,CASSLGQAYEQYF,TRBV7-8*01,EEYLQAFTY,TRBV7-8*01-CASSLGQAYEQYF,44
14,CASRPGLAGGRPEQYF,TRBV6-5*01,LGYGFVNYI,TRBV6-5*01-CASRPGLAGGRPEQYF,
15,CASSLSFGTEAFF,TRBV6-4*01,ELAGIGILTV,TRBV6-4*01-CASSLSFGTEAFF,57
16,CASSLSFGTEAFF,TRBV6-4*01,AAGIGILTV,TRBV6-4*01-CASSLSFGTEAFF,57
17,CAISEVGVGQPQHF,TRBV10-3*01,ELAGIGILTV,TRBV10-3*01-CAISEVGVGQPQHF,12
18,CAISEVGVGQPQHF,TRBV10-3*01,AAGIGILTV,TRBV10-3*01-CAISEVGVGQPQHF,12
19,CASSLWEKLAKNIQYF,TRBV12-4*01,ALWGPDPAAA,TRBV12-4*01-CASSLWEKLAKNIQYF,61
20,CASSLWEKLAKNIQYF,TRBV12-4*01,ALWGPDPAAA,TRBV12-4*01-CASSLWEKLAKNIQYF,61
21,CASSQIRETQYF,TRBV5-8*01,GELIGILNAAKVPAD,TRBV5-8*01-CASSQIRETQYF,
22,CASSFLGTGVEQYF,TRBV28*01,ALGIGILTV,TRBV28*01-CASSFLGTGVEQYF,3
23,CAWSETGLGMGGWQF,TRBV30*01,ELAAIGILTV,TRBV30*01-CAWSETGLGMGGWQF,28
24,CAWSETGLGMGGWQF,TRBV30*01,ELAGIGALTV,TRBV30*01-CAWSETGLGMGGWQF,28
25,CAWSETGLGMGGWQF,TRBV30*01,ELAGIGILTV,TRBV30*01-CAWSETGLGMGGWQF,28
26,CASSWSFGTEAFF,TRBV6-4*01,ELAGIGILTV,TRBV6-4*01-CASSWSFGTEAFF,58
27,CASSYQGTEAFF,TRBV6-5*01,ILAKFLHWL,TRBV6-5*01-CASSYQGTEAFF,69
28,CAWSETGLGTGELFF,TRBV30*01,EAAGIGILTV,TRBV30*01-CAWSETGLGTGELFF,29
29,CASRPRRDNEQFF,TRBV6-2*01,QPLALEGSLQKRG,TRBV6-2*01-CASRPRRDNEQFF,
30,CASRPRDPVTQYF,TRBV6-2*01,LQPLALEGSLQKRG,TRBV6-2*01-CASRPRDPVTQYF,
31,CASSDWVSYEQYF,TRBV13*01,ALWGFFPVL,TRBV13*01-CASSDWVSYEQYF,37
32,CSARDLTSGANNEQFF,TRBV20-1*01,ENPVVHFFKNIVTP,TRBV20-1*01-CSARDLTSGANNEQFF,
33,CASSDWVSYEQYF,TRBV13*01,ALWGFFPVL,TRBV13*01-CASSDWVSYEQYF,37
34,CASSDWVSYEQYF,TRBV13*01,ALWGFFPVL,TRBV13*01-CASSDWVSYEQYF,37
35,CASSDWVSYEQYF,TRBV13*01,ALWGFFPVL,TRBV13*01-CASSDWVSYEQYF,37
36,CSARGGSYNSPLHF,TRBV20-1*01,FSWGAEGQRPGF,TRBV20-1*01-CSARGGSYNSPLHF,
37,CATSALGDTQYF,TRBV24-1*01,NPVVHFFKNIVTPR,TRBV24-1*01-CATSALGDTQYF,
38,CASSFLGTGVEQYF,TRBV28*01,EAAGIGILTV,TRBV28*01-CASSFLGTGVEQYF,3
39,CASSLAQGGETQYF,TRBV5-1*01,QAFWIDLFETIG,TRBV5-1*01-CASSLAQGGETQYF,
40,CAAWDDSLNGWVF,TRBV5-4*01,RMFPNAPYL,TRBV5-4*01-CAAWDDSLNGWVF,
41,CASSFNMATGQYF,TRBV5-1*01,EVDPIGHLY,TRBV5-1*01-CASSFNMATGQYF,42
42,CASSFNMATGQYF,TRBV5-1*01,ESDPIVAQY,TRBV5-1*01-CASSFNMATGQYF,42
43,CASRPGWMAGGVELYF,TRBV6-5*01,ELAGIGILTV,TRBV6-5*01-CASRPGWMAGGVELYF,
44,CASSYQGTEAFF,TRBV6-5*01,ILAKFLHWL,TRBV6-5*01-CASSYQGTEAFF,69
45,CASSQGLAGAGELFF,TRBV19*01,ELAGIGILTV,TRBV19*01-CASSQGLAGAGELFF,25
46,CASSQGLAGAGELFF,TRBV19*01,ELAGIGILTV,TRBV19*01-CASSQGLAGAGELFF,25
47,CASSANPGDSSNEKLFF,TRBV9*01,VMAPRTLVL,TRBV9*01-CASSANPGDSSNEKLFF,
48,CASSQRQEGDTQYF,TRBV28*01,APRGPHGGAASGL,TRBV28*01-CASSQRQEGDTQYF,5
49,CASSGGHTGSNEQFF,TRBV9*01,APRGPHGGAASGL,TRBV9*01-CASSGGHTGSNEQFF,20
50,CASSWSFGTEAFF,TRBV6-4*01,AAGIGILTV,TRBV6-4*01-CASSWSFGTEAFF,58
51,CASSWSFGTEAFF,TRBV6-4*01,ELAGIGILTV,TRBV6-4*01-CASSWSFGTEAFF,58
52,CAWSETGLGTGELFF,TRBV30*01,AAGIGILTV,TRBV30*01-CAWSETGLGTGELFF,29
53,CAWSETGLGMGGWQF,TRBV30*01,AAGIGILTV,TRBV30*01-CAWSETGLGMGGWQF,28
54,CASSYVGNTGELFF,TRBV6-5*01,SLLMWITQV,TRBV6-5*01-CASSYVGNTGELFF,10
55,CASSPLDVSISSYNEQFF,TRBV11-2*01,SLSKILDTV,TRBV11-2*01-CASSPLDVSISSYNEQFF,
56,CASSSPGGVSTEAFF,TRBV7-6*01,SLLMWITQV,TRBV7-6*01-CASSSPGGVSTEAFF,
57,CSVGGSGGADTQYF,TRBV29-1*01,SLLMWITQV,TRBV29-1*01-CSVGGSGGADTQYF,
58,CASSYLNRDSALDF,TRBV6-5*01,SLLMWITQV,TRBV6-5*01-CASSYLNRDSALDF,
59,CASSLGFGRDVMRF,TRBV7-9*01,RMFPNAPYL,TRBV7-9*01-CASSLGFGRDVMRF,
60,CAWSETGLGMGGWQF,TRBV30*01,EAAGIGILTV,TRBV30*01-CAWSETGLGMGGWQF,28
61,CASSFLMTSGDPYEQYF,TRBV28*01,GVYDGREHTV,TRBV28*01-CASSFLMTSGDPYEQYF,
62,CASSDPGTEAFF,TRBV10-2*01,GADGVGKSAL,TRBV10-2*01-CASSDPGTEAFF,66
63,CASSITLSSYNEQFF,TRBV19*01,ITDQVPFSV,TRBV19*01-CASSITLSSYNEQFF,22
64,CASSITLSSYNEQFF,TRBV19*01,IMDQVPFSV,TRBV19*01-CASSITLSSYNEQFF,22
65,CASSMGGTYEQYF,TRBV19*01,ITDQVPFSV,TRBV19*01-CASSMGGTYEQYF,46
66,CASSMGGTYEQYF,TRBV19*01,ILDQVPFSV,TRBV19*01-CASSMGGTYEQYF,46
67,CASSIQQGADTQYF,TRBV27*01,HMTEVVRHC,TRBV27*01-CASSIQQGADTQYF,4
68,CASSEGLWQVGDEQYF,TRBV6-1*01,HMTEVVRHC,TRBV6-1*01-CASSEGLWQVGDEQYF,59
69,CAISELVTGDSPLHF,TRBV10-3*01,HMTEVVRHC,TRBV10-3*01-CAISELVTGDSPLHF,17
70,CASSLSASGGATDTQYF,TRBV5-1*01,GQVELGGGNAVEVCKGS,TRBV5-1*01-CASSLSASGGATDTQYF,
71,CASSLERDGYTF,TRBV5-1*01,GQVELGGGNAVEVCK,TRBV5-1*01-CASSLERDGYTF,
72,CASSLERETQYF,TRBV5-1*01,GQVELGGGNAVEVCKGS,TRBV5-1*01-CASSLERETQYF,
73,CASSLVAETYEQYF,TRBV11-2*01,ALHGGWTTK,TRBV11-2*01-CASSLVAETYEQYF,
74,CASGGTGATYSNQPQHF,TRBV28*01,LLLGIGILV,TRBV28*01-CASGGTGATYSNQPQHF,
75,CASRPDFTGEQYF,TRBV10-1*01,LLLGIGILV,TRBV10-1*01-CASRPDFTGEQYF,
76,CASSPTSIANTGELFF,TRBV7-7*01,LLLGIGILV,TRBV7-7*01-CASSPTSIANTGELFF,
77,CASSTASYEQYF,TRBV28*01,LLLGIGILV,TRBV28*01-CASSTASYEQYF,
78,CSGGQGDGYTF,TRBV29-1*01,LLLGIGILV,TRBV29-1*01-CSGGQGDGYTF,
79,CASSQGPFREEAFF,TRBV4-1*01,LLLGIGILV,TRBV4-1*01-CASSQGPFREEAFF,
80,CATSDLSQGVDTQYF,TRBV24-1*01,LLLGIGILV,TRBV24-1*01-CATSDLSQGVDTQYF,
81,CASSQGQLNTGELFF,TRBV27*01,LLLGIGILV,TRBV27*01-CASSQGQLNTGELFF,
82,CASSVGRFVGPYEKLFF,TRBV9*01,LLLGIGILV,TRBV9*01-CASSVGRFVGPYEKLFF,
83,CASSLRGGQSYEQYF,TRBV12-4*01,MLYQHLLPL,TRBV12-4*01-CASSLRGGQSYEQYF,
84,CASSQWDNQPQHF,TRBV4-1*01,WMRLLPLL,TRBV4-1*01-CASSQWDNQPQHF,
85,CAISEGAPNTEAFF,TRBV10-3*01,FGDHPGHSY,TRBV10-3*01-CAISEGAPNTEAFF,
86,CASSWERAGKAFF,TRBV5-4*01,VVVGAVGVGKSALTIQLIQN,TRBV5-4*01-CASSWERAGKAFF,
87,CASSQVGRGRGAFF,TRBV3-1*01,SVCAGILSYGV,TRBV3-1*01-CASSQVGRGRGAFF,
88,CASSVVDADTQYF,TRBV9*01,SVCAGILSYGV,TRBV9*01-CASSVVDADTQYF,53
89,CASSVVDADTQYF,TRBV9*01,SVCAGILSYGV,TRBV9*01-CASSVVDADTQYF,53
90,CASSELPAGGTNEQFF,TRBV10-2*01,RLARLALVL,TRBV10-2*01-CASSELPAGGTNEQFF,
91,CASSFFSNTGELFF,TRBV27*01,RLARLALVL,TRBV27*01-CASSFFSNTGELFF,
92,CASSFLTDTQYF,TRBV6-3*01,RLARLALVL,TRBV6-3*01-CASSFLTDTQYF,
93,CASSYMGPEAFF,TRBV6-3*01,RLARLALVL,TRBV6-3*01-CASSYMGPEAFF,
94,CASMDLAFKQYF,TRBV6-3*01,RLARLALVL,TRBV6-3*01-CASMDLAFKQYF,
95,CASSQVSGYEQYF,TRBV4-3*01,RLARLALVL,TRBV4-3*01-CASSQVSGYEQYF,
96,CASSPQGDNEQFF,TRBV18*01,RLARLALVL,TRBV18*01-CASSPQGDNEQFF,
97,CASSDQGGDNEQFF,TRBV2*01,ATGFKQSSKALQRPVAS,TRBV2*01-CASSDQGGDNEQFF,
98,CASSQGGDEQFF,TRBV4-2*01,ALYGFVPVL,TRBV4-2*01-CASSQGGDEQFF,
99,CASSQDPLLEGYSYNEQFF,TRBV4-1*01,NLNCCSVPV,TRBV4-1*01-CASSQDPLLEGYSYNEQFF,
100,CASSGELRGAEKLFF,TRBV12-3*01,AVGSYVYSV,TRBV12-3*01-CASSGELRGAEKLFF,
101,CASSYGGEQPQHF,TRBV6-5*01,NLNCCSVPV,TRBV6-5*01-CASSYGGEQPQHF,
102,CASSNGYGNQPQHF,TRBV9*01,ALYGFVPVL,TRBV9*01-CASSNGYGNQPQHF,
103,CASSVEGVADEQYF,TRBV9*01,AVGSYVYSV,TRBV9*01-CASSVEGVADEQYF,
104,CASSDLQGGGPGEQYF,TRBV25-1*01,ALYGFVPVL,TRBV25-1*01-CASSDLQGGGPGEQYF,
105,CASSVEGVADTQYF,TRBV9*01,AVGSYVYSV,TRBV9*01-CASSVEGVADTQYF,
106,CASSSTGALYEQYF,TRBV5-4*01,KLSHQLVLL,TRBV5-4*01-CASSSTGALYEQYF,
107,CASTIALGYEQYF,TRBV28*01,NLNCCSVPV,TRBV28*01-CASTIALGYEQYF,
108,CASSSGGGNEQFF,TRBV19*01,NLNCCSVPV,TRBV19*01-CASSSGGGNEQFF,51
109,CASSSGGGNEQFF,TRBV19*01,NLNCCSVPV,TRBV19*01-CASSSGGGNEQFF,51
110,CASSPSLQVAQHF,TRBV4-1*01,ALYGFVPVL,TRBV4-1*01-CASSPSLQVAQHF,
111,CATSDPGTTNTGELFF,TRBV24-1*01,ALYGFVPVL,TRBV24-1*01-CATSDPGTTNTGELFF,
112,CASSLGGGAYEQYF,TRBV5-4*01,ALYGFVPVL,TRBV5-4*01-CASSLGGGAYEQYF,
113,CSASPGYNEQFF,TRBV20-1*01,VVMSWAPPV,TRBV20-1*01-CSASPGYNEQFF,
114,CASSLAGESSYNEQFF,TRBV11-2*01,VVMSWAPPV,TRBV11-2*01-CASSLAGESSYNEQFF,
115,CASSLGDPNTEAFF,TRBV7-6*01,KLFEFLVYGV,TRBV7-6*01-CASSLGDPNTEAFF,
116,CASSLGGYSPLHF,TRBV7-7*01,VVMSWAPPV,TRBV7-7*01-CASSLGGYSPLHF,
117,CASSTQGQPQHF,TRBV19*01,VVMSWAPPV,TRBV19*01-CASSTQGQPQHF,
118,CASSLGGSYTF,TRBV5-6*01,VVMSWAPPV,TRBV5-6*01-CASSLGGSYTF,
119,CASSPWTPTTDTQYF,TRBV5-1*01,VVMSWAPPV,TRBV5-1*01-CASSPWTPTTDTQYF,
120,CASNFPNISEGTCSNQPQHF,TRBV3-1*01,VVMSWAPPV,TRBV3-1*01-CASNFPNISEGTCSNQPQHF,
121,CQAGGRLGELFF,TRBV20-1*01,VVMSWAPPV,TRBV20-1*01-CQAGGRLGELFF,
122,CASSSGGGNEQFF,TRBV19*01,ALTPVVVTL,TRBV19*01-CASSSGGGNEQFF,51
123,CASSAQGFGELFF,TRBV9*01,ALTPVVVTL,TRBV9*01-CASSAQGFGELFF,
124,CASSEGRETQYF,TRBV25-1*01,ALTPVVVTL,TRBV25-1*01-CASSEGRETQYF,
125,CASSIGQGPYEQYF,TRBV19*01,ALTPVVVTL,TRBV19*01-CASSIGQGPYEQYF,
126,CASSLGGRRYEQYF,TRBV11-1*01,ALTPVVVTL,TRBV11-1*01-CASSLGGRRYEQYF,
127,CASSLGQKEQYF,TRBV11-1*01,ALTPVVVTL,TRBV11-1*01-CASSLGQKEQYF,
128,CASRGEGYGYTF,TRBV2*01,PGVLLKEFTVSGNIL,TRBV2*01-CASRGEGYGYTF,
129,CASGYQNQPQHF,TRBV2*01,PGVLLKEFTVSGNIL,TRBV2*01-CASGYQNQPQHF,
130,CASSTQTELPQHF,TRBV2*01,PGVLLKEFTVSGNIL,TRBV2*01-CASSTQTELPQHF,
131,CASSVMGTQYF,TRBV2*01,PGVLLKEFTVSGNIL,TRBV2*01-CASSVMGTQYF,
132,CASSPLRPSYEQYF,TRBV2*01,PGVLLKEFTVSGNIL,TRBV2*01-CASSPLRPSYEQYF,
133,CASSGQGAGTQYF,TRBV2*01,PGVLLKEFTVSGNIL,TRBV2*01-CASSGQGAGTQYF,
134,CASSVMTGLNTEAFF,TRBV2*01,PGVLLKEFTVSGNIL,TRBV2*01-CASSVMTGLNTEAFF,
135,CASSVIYEQYF,TRBV2*01,PGVLLKEFTVSGNIL,TRBV2*01-CASSVIYEQYF,34
136,CASSIIYEQYF,TRBV2*01,PGVLLKEFTVSGNIL,TRBV2*01-CASSIIYEQYF,34
137,CASSGLAGVTGELFF,TRBV2*01,PGVLLKEFTVSGNIL,TRBV2*01-CASSGLAGVTGELFF,
138,CASSIEGPTGELFF,TRBV19*01,VAANIVLTV,TRBV19*01-CASSIEGPTGELFF,
139,CASGGSSYEQYF,TRBV19*01,VAANIVLTV,TRBV19*01-CASGGSSYEQYF,
140,CASSSVGVDTQYF,TRBV6-1*01,VAANIVLTV,TRBV6-1*01-CASSSVGVDTQYF,
141,CASSIFPNPGNTIYF,TRBV19*01,VAANIVLTV,TRBV19*01-CASSIFPNPGNTIYF,
142,CASSPFLTGSNTEAFF,TRBV11-2*01,VAANIVLTV,TRBV11-2*01-CASSPFLTGSNTEAFF,
143,CASTLTGFAEAFF,TRBV19*01,VAANIVLTV,TRBV19*01-CASTLTGFAEAFF,
144,CASSPSWLSGVTQYF,TRBV7-2*02,VAANIVLTV,TRBV7-2*02-CASSPSWLSGVTQYF,
145,CASSDQETQYF,TRBV25-1*01,VAANIVLTV,TRBV25-1*01-CASSDQETQYF,
146,CASSIVSSSYNEQFF,TRBV19*01,VAANIVLTV,TRBV19*01-CASSIVSSSYNEQFF,
147,CASRAGSFSTDTQYF,TRBV27*01,VAANIVLTV,TRBV27*01-CASRAGSFSTDTQYF,
148,CASSQEGTAYEQYF,TRBV4-2*01,VAANIVLTV,TRBV4-2*01-CASSQEGTAYEQYF,
149,CASSPWTGIPYNSPLHF,TRBV9*01,VAANIVLTV,TRBV9*01-CASSPWTGIPYNSPLHF,
150,CASSEVGQGFNGYTF,TRBV25-1*01,VAANIVLTV,TRBV25-1*01-CASSEVGQGFNGYTF,
151,CASQSYRVGSEQYF,TRBV6-5*01,VAANIVLTV,TRBV6-5*01-CASQSYRVGSEQYF,1
152,CASQSYRVGSEQYF,TRBV6-5*01,VAANIVLTV,TRBV6-5*01-CASQSYRVGSEQYF,1
153,CASSEGLWQVGDEQYF,TRBV6-1*01,HMTEVVRHC,TRBV6-1*01-CASSEGLWQVGDEQYF,59
154,CAISELVTGDSPLHF,TRBV10-3*01,HMTEVVRHC,TRBV10-3*01-CAISELVTGDSPLHF,17
155,CASSIQQGADTQYF,TRBV27*01,HMTEVVRHC,TRBV27*01-CASSIQQGADTQYF,4
156,CASSLGEGRVDGYTF,TRBV5-6*01,GADGVGKSAL,TRBV5-6*01-CASSLGEGRVDGYTF,
157,CASSDPGTEAFF,TRBV10-2*01,GADGVGKSAL,TRBV10-2*01-CASSDPGTEAFF,66
158,CASSFGQSSTYGYTF,TRBV5-6*01,GADGVGKSAL,TRBV5-6*01-CASSFGQSSTYGYTF,
159,CASSLGRASNQPQHF,TRBV5-6*01,GADGVGKSAL,TRBV5-6*01-CASSLGRASNQPQHF,
160,CASSLGQTNYGYTF,TRBV5-6*01,GADGVGKSAL,TRBV5-6*01-CASSLGQTNYGYTF,
161,CASSSQGGYGYTF,TRBV7-3*01,KVDPIGHVY,TRBV7-3*01-CASSSQGGYGYTF,52
162,CASSFDRGYGYTF,TRBV7-2*01,KVDPIGHVY,TRBV7-2*01-CASSFDRGYGYTF,40
163,CASSLSGGLLRTGELFF,TRBV27*01,FVVPYMIYLL,TRBV27*01-CASSLSGGLLRTGELFF,73
164,CASSGRVTGGFYNEQFF,TRBV9*01,VQIISCQY,TRBV9*01-CASSGRVTGGFYNEQFF,72
165,CASSFGGAYEQYF,TRBV27*01,VQIISCQY,TRBV27*01-CASSFGGAYEQYF,41
166,CASSLVSPSEQFF,TRBV13*01,YLSNIIPAL,TRBV13*01-CASSLVSPSEQFF,
167,CASSLFTGTNEQFF,TRBV28*01,QLCDVMFYL,TRBV28*01-CASSLFTGTNEQFF,
168,CASSLDQGAQDNEQFF,TRBV28*01,YLYDRLLRV,TRBV28*01-CASSLDQGAQDNEQFF,
169,CATSFAPGQGEHGYTF,TRBV15*01,LYPEFIASI,TRBV15*01-CATSFAPGQGEHGYTF,
170,CASSTSTGQGWHYGYTF,TRBV28*01,MLIGIPVYV,TRBV28*01-CASSTSTGQGWHYGYTF,
171,CASRPSRGTNYGYTF,TRBV6-1*01,KLYGLDWAEL,TRBV6-1*01-CASRPSRGTNYGYTF,19
172,CASRPSRGTNYGYTF,TRBV6-1*01,KLYGLDWAEL,TRBV6-1*01-CASRPSRGTNYGYTF,19
173,CASRPSRGTNYGYTF,TRBV6-1*01,KLYGLDWAEL,TRBV6-1*01-CASRPSRGTNYGYTF,19
174,CASRPSRGTNYGYTF,TRBV6-1*01,KLYGLDWAEL,TRBV6-1*01-CASRPSRGTNYGYTF,19
175,CASRPSRGTNYGYTF,TRBV6-1*01,KLYGLDWAEL,TRBV6-1*01-CASRPSRGTNYGYTF,19
176,CASSERGMVEAFF,TRBV25-1*01,KLYGLDWAEL,TRBV25-1*01-CASSERGMVEAFF,
177,CASSPRNLGPSGSYEQYF,TRBV9*01,KLYGLDWAEL,TRBV9*01-CASSPRNLGPSGSYEQYF,
178,CASSQNYEQYF,TRBV7-8*01,ALDPHSGHFV,TRBV7-8*01-CASSQNYEQYF,36
179,CASSQNYEQYF,TRBV7-8*01,ALDPHSGHFV,TRBV7-8*01-CASSQNYEQYF,36
180,CASSYSWGAGYEQYF,TRBV6-5*01,ALDPHSGHFV,TRBV6-5*01-CASSYSWGAGYEQYF,
181,CASTPTGAYEQYF,TRBV12-4*01,ALDPHSGHFV,TRBV12-4*01-CASTPTGAYEQYF,55
182,CSAGTGELFF,TRBV29-1*01,ALDPHSGHFV,TRBV29-1*01-CSAGTGELFF,
183,CASTPTGAYEQYF,TRBV12-4*01,ALDPHSGHFV,TRBV12-4*01-CASTPTGAYEQYF,55
184,CSARVGDTGELFF,TRBV20-1*01,ALSPVIPHI,TRBV20-1*01-CSARVGDTGELFF,56
185,CSARVGDTGELFF,TRBV20-1*01,ALSPVIPHI,TRBV20-1*01-CSARVGDTGELFF,56
186,CSARVGDTGELFF,TRBV20-1*01,ALSPVIPHI,TRBV20-1*01-CSARVGDTGELFF,56
187,CSARVGDTGELFF,TRBV20-1*01,ALSPVIPHI,TRBV20-1*01-CSARVGDTGELFF,56
188,CSARVGDTGELFF,TRBV20-1*01,ALSPVIPHI,TRBV20-1*01-CSARVGDTGELFF,56
189,CSARVGDTGELFF,TRBV20-1*01,ALSPVIPHI,TRBV20-1*01-CSARVGDTGELFF,56
190,CASSYDSTTGELFF,TRBV4-1*01,ALSPVIPHI,TRBV4-1*01-CASSYDSTTGELFF,7
191,CASSYDSTTGELFF,TRBV4-1*01,ALSPVIPHI,TRBV4-1*01-CASSYDSTTGELFF,7
192,CASSYDSTTGELFF,TRBV4-1*01,ALSPVIPHI,TRBV4-1*01-CASSYDSTTGELFF,7
193,CASSYDSTTGELFF,TRBV4-1*01,ALSPVIPHI,TRBV4-1*01-CASSYDSTTGELFF,7
194,CASTPGGYEQYF,TRBV2*01,KLFEFLVYGV,TRBV2*01-CASTPGGYEQYF,70
195,CASTPGGYEQYF,TRBV2*01,KLFEFLVYGV,TRBV2*01-CASTPGGYEQYF,70
196,CASSQGYEQYF,TRBV11-2*01,KLFEFLVYGV,TRBV11-2*01-CASSQGYEQYF,35
197,CASSQGYEQYF,TRBV11-2*01,KLFEFLVYGV,TRBV11-2*01-CASSQGYEQYF,35
198,CASSQGYEQYF,TRBV11-2*01,KLFEFLVYGV,TRBV11-2*01-CASSQGYEQYF,35
199,CASSSQGGYGYTF,TRBV7-3*01,KVDPIGHVY,TRBV7-3*01-CASSSQGGYGYTF,52
200,CASSFDRGYGYTF,TRBV7-6*01,KVDPIGHVY,TRBV7-6*01-CASSFDRGYGYTF,40
201,CASSLSGGLLRTGELFF,TRBV27*01,FVVPYMIYLL,TRBV27*01-CASSLSGGLLRTGELFF,73
202,CASSGRVTGGFYNEQFF,TRBV9*01,VQIISCQY,TRBV9*01-CASSGRVTGGFYNEQFF,72
203,CASSFGGAYEQYF,TRBV27*01,VQIISCQY,TRBV27*01-CASSFGGAYEQYF,41
204,CASSLILDSPLHF,TRBV7-9*01,MTLHGFMMY,TRBV7-9*01-CASSLILDSPLHF,
205,CASSVTFRTGPMYGYTF,TRBV9*01,MTLHGFMMY,TRBV9*01-CASSVTFRTGPMYGYTF,
206,CASSLDLDSDGYTF,TRBV7-9*01,MTLHGFMMY,TRBV7-9*01-CASSLDLDSDGYTF,
207,CASSESENSYGYTF,TRBV2*01,MTLHGFMMY,TRBV2*01-CASSESENSYGYTF,
208,CASSPTLYNEQFF,TRBV7-2*01,VYALIAGATL,TRBV7-2*01-CASSPTLYNEQFF,49
209,CASSLSYLNEQFF,TRBV5-1*01,VYALIAGATL,TRBV5-1*01-CASSLSYLNEQFF,45
210,CASHPVGSLTDTQYF,TRBV6-5*01,VYALIAGATL,TRBV6-5*01-CASHPVGSLTDTQYF,18
211,CASSEWVFWSSYNSPLHF,TRBV6-1*01,VYALIAGATL,TRBV6-1*01-CASSEWVFWSSYNSPLHF,74
212,CASSLGPVYEQYF,TRBV5-6*01,TLWCSPIKV,TRBV5-6*01-CASSLGPVYEQYF,
213,CASSEGHFSGNTIYF,TRBV10-2*01,TLWCSPIKV,TRBV10-2*01-CASSEGHFSGNTIYF,
214,CASGGAIDTDTQYF,TRBV10-2*01,TLWCSPIKV,TRBV10-2*01-CASGGAIDTDTQYF,
215,CASSSGLAGEQFF,TRBV13*01,TLWCSPIKV,TRBV13*01-CASSSGLAGEQFF,
216,CASSFFGSNQPQHF,TRBV13*01,TLWCSPIKV,TRBV13*01-CASSFFGSNQPQHF,
217,CASSFSNDYEQYF,TRBV11-1*01,TLWCSPIKV,TRBV11-1*01-CASSFSNDYEQYF,
218,CASGSSGQGEYGELFF,TRBV28*01,TLWCSPIKV,TRBV28*01-CASGSSGQGEYGELFF,
219,CASSEDLLRDTHQPQHF,TRBV2*01,TLWCSPIKV,TRBV2*01-CASSEDLLRDTHQPQHF,
220,CASSLIQVGYEQYF,TRBV11-1*01,TLWCSPIKV,TRBV11-1*01-CASSLIQVGYEQYF,
221,CASSESRSGNQPQHF,TRBV6-1*01,FMPDFDLHL,TRBV6-1*01-CASSESRSGNQPQHF,
222,CASSLYRGTGELFF,TRBV7-3*01,FMPDFDLHL,TRBV7-3*01-CASSLYRGTGELFF,
223,CASSHQAGALYNEQFF,TRBV7-9*01,EVLPFFLFF,TRBV7-9*01-CASSHQAGALYNEQFF,
224,CASSLNSGHTQYF,TRBV27*01,QTNPVTLQY,TRBV27*01-CASSLNSGHTQYF,
225,CATGTGGNDYEQYF,TRBV15*01,TLYSLTLLY,TRBV15*01-CATGTGGNDYEQYF,
226,CASSNRGYDEQYF,TRBV9*01,TEDEHFEFY,TRBV9*01-CASSNRGYDEQYF,
227,CSVEDRRGPFYGYTF,TRBV29-1*01,TEDEHFEFY,TRBV29-1*01-CSVEDRRGPFYGYTF,
228,CASSQYAVRVGDTEAFF,TRBV14*01,FLIYLDVSV,TRBV14*01-CASSQYAVRVGDTEAFF,
229,CASSPPGRYYEQYF,TRBV18*01,FLIYLDVSV,TRBV18*01-CASSPPGRYYEQYF,
230,CATSEGPGQGISGANVLTF,TRBV24-1*01,FLIYLDVSV,TRBV24-1*01-CATSEGPGQGISGANVLTF,
231,CASSFGGGLQETQYF,TRBV12-3*01,CISSCNPNL,TRBV12-3*01-CASSFGGGLQETQYF,
232,CASSSTRGWADTQYF,TRBV27*01,KLTESLHKV,TRBV27*01-CASSSTRGWADTQYF,
233,CASSGQGSSYNSPLHF,TRBV12-3*01,EEAAGIGILTVI,TRBV12-3*01-CASSGQGSSYNSPLHF,
234,CASSLGNPSTDTQYF,TRBV5-1*01,EEAAGIGILTVI,TRBV5-1*01-CASSLGNPSTDTQYF,
235,CASPILRQPQHF,TRBV28*01,EEAAGIGILTVI,TRBV28*01-CASPILRQPQHF,65
236,CASSQSGTLYGYTF,TRBV3-1*01,EEAAGIGILTVI,TRBV3-1*01-CASSQSGTLYGYTF,
237,CASPILRQPQHF,TRBV28*01,EEAAGIGILTVI,TRBV28*01-CASPILRQPQHF,65
238,CASSPGQGNPEAFF,TRBV11-1*01,LLEFYLAMPFATP,TRBV11-1*01-CASSPGQGNPEAFF,
239,CASSPGGGAYEQYF,TRBV9*01,LLEFYLAMPFATP,TRBV9*01-CASSPGGGAYEQYF,
240,CASSVVPTGNTEAFF,TRBV9*01,LLEFYLAMPFATP,TRBV9*01-CASSVVPTGNTEAFF,
241,CASSRDTVNTEAFF,TRBV10-1*01,VLDLFQGQL,TRBV10-1*01-CASSRDTVNTEAFF,6
242,CASSRDTVNTEAFF,TRBV10-1*01,MMDFFNAQM,TRBV10-1*01-CASSRDTVNTEAFF,6
243,CASSRDFVSNEQYF,TRBV10-1*01,MMDFFNAQM,TRBV10-1*01-CASSRDFVSNEQYF,
244,CASSPSGLAGSNLGNEQFF,TRBV11-3*01,KLEQLDWTV,TRBV11-3*01-CASSPSGLAGSNLGNEQFF,76
245,CASSPSGLAGSNLGNEQFF,TRBV11-3*01,TMETIDWKV,TRBV11-3*01-CASSPSGLAGSNLGNEQFF,76
246,CASSPSGLAGSNLGNEQFF,TRBV11-3*01,TLEELDWCL,TRBV11-3*01-CASSPSGLAGSNLGNEQFF,76
247,CASSPSGLAGSNLGNEQFF,TRBV11-3*01,LLEDLDWDV,TRBV11-3*01-CASSPSGLAGSNLGNEQFF,76
248,CASSPSGLAGSNLGNEQFF,TRBV11-3*01,VLEEVDWLI,TRBV11-3*01-CASSPSGLAGSNLGNEQFF,76
249,CASSPSGLAGSNLGNEQFF,TRBV11-3*01,NMEYMTWDV,TRBV11-3*01-CASSPSGLAGSNLGNEQFF,76
250,CASSPSGLAGSNLGNEQFF,TRBV11-3*01,NVEYYDIKL,TRBV11-3*01-CASSPSGLAGSNLGNEQFF,76
251,CASSPGALNTEAFF,TRBV19*01,ELAGIGILTV,TRBV19*01-CASSPGALNTEAFF,
252,CASSPAALSGAYEQYF,TRBV27*01,ELAGIGILTV,TRBV27*01-CASSPAALSGAYEQYF,
253,CASSRRSSGELFF,TRBV19*01,ELAGIGILTV,TRBV19*01-CASSRRSSGELFF,50
254,CASSFQGLGQPQHF,TRBV28*01,ELAGIGILTV,TRBV28*01-CASSFQGLGQPQHF,13
255,CASSRDSALWISTDTQYF,TRBV6-1*01,ELAGIGILTV,TRBV6-1*01-CASSRDSALWISTDTQYF,75
256,CASSRRSSGELFF,TRBV19*01,ELAGIGILTV,TRBV19*01-CASSRRSSGELFF,50
257,CSASETGVGQPQHF,TRBV20-1*01,EAAGIGILTV,TRBV20-1*01-CSASETGVGQPQHF,12
258,CASSQQGLGQPQHF,TRBV27*01,EAAGIGILTV,TRBV27*01-CASSQQGLGQPQHF,16
259,CSVSDLGVGQPQHF,TRBV20-1*01,EAAGIGILTV,TRBV20-1*01-CSVSDLGVGQPQHF,
260,CASSQGDWGGSQPQHF,TRBV4-1*01,EAAGIGILTV,TRBV4-1*01-CASSQGDWGGSQPQHF,
261,CASSRDSALWISTDTQYF,TRBV6-1*01,EAAGIGILTV,TRBV6-1*01-CASSRDSALWISTDTQYF,75
262,CASRLGTGPEAFF,TRBV27*01,EAAGIGILTV,TRBV27*01-CASRLGTGPEAFF,
263,CASSFGLGTEAFF,TRBV28*01,EAAGIGILTV,TRBV28*01-CASSFGLGTEAFF,
264,CASSLSNEGNEQYF,TRBV27*01,EAAGIGILTV,TRBV27*01-CASSLSNEGNEQYF,
265,CASSPPGLSGNIQYF,TRBV2*01,ELAGIGILTV,TRBV2*01-CASSPPGLSGNIQYF,
266,CASSPGTLADTQYF,TRBV18*01,ELAGIGILTV,TRBV18*01-CASSPGTLADTQYF,9
267,CASSAGYGQPQHF,TRBV6-1*01,ELAGIGILTV,TRBV6-1*01-CASSAGYGQPQHF,
268,CASSQEIGSEQPQHF,TRBV4-1*01,ELAGIGILTV,TRBV4-1*01-CASSQEIGSEQPQHF,
269,CASRPTGMGQPQHF,TRBV27*01,ELAGIGILTV,TRBV27*01-CASRPTGMGQPQHF,
270,CASAWGGMTNEQYF,TRBV19*01,ELAGIGILTV,TRBV19*01-CASAWGGMTNEQYF,
271,CASSETGGTEAFF,TRBV6-1*01,EAAGIGILTV,TRBV6-1*01-CASSETGGTEAFF,
272,CASSDQGLGTEAFF,TRBV14*01,EAAGIGILTV,TRBV14*01-CASSDQGLGTEAFF,11
273,CASSYLGMGQPQHF,TRBV6-1*01,EAAGIGILTV,TRBV6-1*01-CASSYLGMGQPQHF,
274,CASSLGDVDEYF,TRBV12-3*01,EAAGIGILTV,TRBV12-3*01-CASSLGDVDEYF,
275,CASRSLGQGAEKLFF,TRBV27*01,ELAGIGILTV,TRBV27*01-CASRSLGQGAEKLFF,
276,CASSRGTLHYGYTF,TRBV14*01,FYGKTILWF,TRBV14*01-CASSRGTLHYGYTF,
277,CASSLGQGCSNQPQHF,TRBV11-3*01,FYGKTILWF,TRBV11-3*01-CASSLGQGCSNQPQHF,
278,CASSLGAAPQETQYF,TRBV5-6*01,FYGKTILWF,TRBV5-6*01-CASSLGAAPQETQYF,
279,CASSTRVVAGNNEQFF,TRBV4-1*01,FYGKTILWF,TRBV4-1*01-CASSTRVVAGNNEQFF,
280,CASSPGVGTEAFF,TRBV6-2*01,EFTVSGNIL,TRBV6-2*01-CASSPGVGTEAFF,
281,CASSPGASYEQYF,TRBV4-1*01,ESITGSLGPLL,TRBV4-1*01-CASSPGASYEQYF,
282,CASSLPLGYEQYF,TRBV6-1*01,LAMPFATPM,TRBV6-1*01-CASSLPLGYEQYF,
283,CASSQDSHSTSTDTQYF,TRBV3-1*01,KASEKIFYV,TRBV3-1*01-CASSQDSHSTSTDTQYF,
284,CASSALFSGANVLTF,TRBV19*01,KASEKIFYV,TRBV19*01-CASSALFSGANVLTF,
285,CASSLLPEGTGRVSGYTF,TRBV13*01,VYFFLPDHL,TRBV13*01-CASSLLPEGTGRVSGYTF,
286,CATSSFRMTGDNSPLHF,TRBV15*01,KASEKIFYV,TRBV15*01-CATSSFRMTGDNSPLHF,
287,CASSWEYEQYF,TRBV7-9*03,KASEKIFYV,TRBV7-9*03-CASSWEYEQYF,
288,CSANPRTTLYEQYF,TRBV20-1*01,MEVDPIGHLY,TRBV20-1*01-CSANPRTTLYEQYF,
289,CATSSEDSSNQPQHF,TRBV15*01,HRRGSRSYV,TRBV15*01-CATSSEDSSNQPQHF,
290,CASSSSYSNQPQHF,TRBV7-9*03,APRGPHGGAASGL,TRBV7-9*03-CASSSSYSNQPQHF,
291,CASSLASGSNQPQHF,TRBV7-9*01,RVRFFFPSL,TRBV7-9*01-CASSLASGSNQPQHF,
292,CASSESQGDYYGYTF,TRBV7-8*01,VLNGTVHPV,TRBV7-8*01-CASSESQGDYYGYTF,
293,CASSPHAGGVDEKLFF,TRBV18*01,EEAAGIGIL,TRBV18*01-CASSPHAGGVDEKLFF,
294,CASSHHSGGIYNEQFF,TRBV6-5*01,FQDYIKSYL,TRBV6-5*01-CASSHHSGGIYNEQFF,
295,CASSLMGGGNTIYF,TRBV2*01,RYGSFSVTL,TRBV2*01-CASSLMGGGNTIYF,
296,CASSIEFDRGAPTEQYF,TRBV19*01,ELAGIGILTV,TRBV19*01-CASSIEFDRGAPTEQYF,
297,CASSYRGQSNQPQHF,TRBV6-5*01,ELAGIGILTV,TRBV6-5*01-CASSYRGQSNQPQHF,
298,CASRWGQLTNYGYTF,TRBV19*01,ELAGIGILTV,TRBV19*01-CASRWGQLTNYGYTF,
299,CASRYQGLGQPQHF,TRBV28*01,ELAGIGILTV,TRBV28*01-CASRYQGLGQPQHF,
300,CASSWSQLVHEQFF,TRBV28*01,ELAGIGILTV,TRBV28*01-CASSWSQLVHEQFF,
301,CSAPDTGLGQPQHF,TRBV20-1*01,ELAGIGILTV,TRBV20-1*01-CSAPDTGLGQPQHF,
302,CASRDGTLSYNEQFF,TRBV6-5*01,ELAGIGILTV,TRBV6-5*01-CASRDGTLSYNEQFF,
303,CASSQGQLSSYNEQFF,TRBV10-1*01,ELAGIGILTV,TRBV10-1*01-CASSQGQLSSYNEQFF,
304,CASSIAAVSLANYGYTF,TRBV19*01,ELAGIGILTV,TRBV19*01-CASSIAAVSLANYGYTF,
305,CASSPGQGSPLHF,TRBV6-5*01,ELAGIGILTV,TRBV6-5*01-CASSPGQGSPLHF,
306,CASSLLGGLEAFF,TRBV28*01,ELAGIGILTV,TRBV28*01-CASSLLGGLEAFF,
307,CASSFRGQNTEAFF,TRBV5-1*01,ELAGIGILTV,TRBV5-1*01-CASSFRGQNTEAFF,
308,CASSQYEVQETQYF,TRBV3-1*01,ELAGIGILTV,TRBV3-1*01-CASSQYEVQETQYF,
309,CASSHQGVGQPQHF,TRBV28*01,ELAGIGILTV,TRBV28*01-CASSHQGVGQPQHF,
310,CASSGQGMGYTF,TRBV5-1*01,ELAGIGILTV,TRBV5-1*01-CASSGQGMGYTF,
311,CASTLTGLGQPQHF,TRBV28*01,ELAGIGILTV,TRBV28*01-CASTLTGLGQPQHF,
312,CASIWAGLGQPQHF,TRBV28*01,ELAGIGILTV,TRBV28*01-CASIWAGLGQPQHF,
313,CASSLQGMGQPQHF,TRBV28*01,ELAGIGILTV,TRBV28*01-CASSLQGMGQPQHF,13
314,CASSKPSGINEQFF,TRBV27*01,ELAGIGILTV,TRBV27*01-CASSKPSGINEQFF,
315,CSARSRGGGIETQYF,TRBV20-1*01,ELAGIGILTV,TRBV20-1*01-CSARSRGGGIETQYF,
316,CASSVWADPNEAFF,TRBV9*01,ELAGIGILTV,TRBV9*01-CASSVWADPNEAFF,
317,CASRLATLVGNEQFF,TRBV6-5*01,ELAGIGILTV,TRBV6-5*01-CASRLATLVGNEQFF,
318,CASRSGSLNTEAFF,TRBV6-5*01,ELAGIGILTV,TRBV6-5*01-CASRSGSLNTEAFF,
319,CASSLTTPPSTDTQYF,TRBV27*01,ELAGIGILTV,TRBV27*01-CASSLTTPPSTDTQYF,
320,CASRQQGLGSPLHF,TRBV28*01,ELAGIGILTV,TRBV28*01-CASRQQGLGSPLHF,
321,CASQSGFLSNSPLHF,TRBV19*01,ELAGIGILTV,TRBV19*01-CASQSGFLSNSPLHF,
322,CASSYGDLYTGELFF,TRBV6-5*01,ELAGIGILTV,TRBV6-5*01-CASSYGDLYTGELFF,
323,CASSLAGLADNEQFF,TRBV27*01,ELAGIGILTV,TRBV27*01-CASSLAGLADNEQFF,
324,CASSLAWALQDEQYF,TRBV27*01,ELAGIGILTV,TRBV27*01-CASSLAWALQDEQYF,
325,CAWSVQGLGYGYTF,TRBV30*01,ELAGIGILTV,TRBV30*01-CAWSVQGLGYGYTF,
326,CASSATGADQPQHF,TRBV4-2*01,ELAGIGILTV,TRBV4-2*01-CASSATGADQPQHF,
327,CASSDYSNQPQHF,TRBV2*01,ELAGIGILTV,TRBV2*01-CASSDYSNQPQHF,
328,CSARAGNQPQHF,TRBV20-1*01,ELAGIGILTV,TRBV20-1*01-CSARAGNQPQHF,
329,CSARAGAETQYF,TRBV20-1*01,ELAGIGILTV,TRBV20-1*01-CSARAGAETQYF,
330,CASTPPGSETQYF,TRBV28*01,ELAGIGILTV,TRBV28*01-CASTPPGSETQYF,
331,CASSENQLMNTEAFF,TRBV25-1*01,ELAGIGILTV,TRBV25-1*01-CASSENQLMNTEAFF,
332,CATSDQGGTEDEQFF,TRBV24-1*01,ELAGIGILTV,TRBV24-1*01-CATSDQGGTEDEQFF,
333,CAWSGGGGRVHEQYF,TRBV30*01,ELAGIGILTV,TRBV30*01-CAWSGGGGRVHEQYF,
334,CAWSVPGLGQPQHF,TRBV30*01,ELAGIGILTV,TRBV30*01-CAWSVPGLGQPQHF,15
335,CASSLQGLGTEAFF,TRBV28*01,ELAGIGILTV,TRBV28*01-CASSLQGLGTEAFF,
336,CASSQQGLGTEAFF,TRBV28*01,ELAGIGILTV,TRBV28*01-CASSQQGLGTEAFF,11
337,CASSVQGLGQPQHF,TRBV28*01,ELAGIGILTV,TRBV28*01-CASSVQGLGQPQHF,13
338,CATSDSRQINTGELFF,TRBV24-1*01,ELAGIGILTV,TRBV24-1*01-CATSDSRQINTGELFF,
339,CASSEGMGQPQHF,TRBV6-5*01,ELAGIGILTV,TRBV6-5*01-CASSEGMGQPQHF,
340,CASTYTSLAHNEQFF,TRBV6-1*01,ELAGIGILTV,TRBV6-1*01-CASTYTSLAHNEQFF,
341,CASSPGVLANEQYF,TRBV6-5*01,ELAGIGILTV,TRBV6-5*01-CASSPGVLANEQYF,
342,CATAPREDRVGNEAFF,TRBV3-1*01,ELAGIGILTV,TRBV3-1*01-CATAPREDRVGNEAFF,
343,CAILGQGYGYTF,TRBV10-3*02,APRGPHGGAASGL,TRBV10-3*02-CAILGQGYGYTF,
344,CASSQRQEGDTQYF,TRBV28*01,APRGPHGGAASGL,TRBV28*01-CASSQRQEGDTQYF,5
345,CASQTFSPGQTQF,TRBV6-1*01,APRGPHGGAASGL,TRBV6-1*01-CASQTFSPGQTQF,
346,CASSGGHTGSNEQFF,TRBV9*01,APRGPHGGAASGL,TRBV9*01-CASSGGHTGSNEQFF,20
347,CASSYGGGPEAFF,TRBV6-1*01,ELAGIGILTV,TRBV6-1*01-CASSYGGGPEAFF,
348,CASSFAANYEQYF,TRBV27*01,ELAGIGILTV,TRBV27*01-CASSFAANYEQYF,
349,CASSFTGLGQPQHF,TRBV7-2*01,ELAGIGILTV,TRBV7-2*01-CASSFTGLGQPQHF,14
350,CASSLLPSGETQYF,TRBV27*01,ELAGIGILTV,TRBV27*01-CASSLLPSGETQYF,
351,CASSLGPSVYEQYF,TRBV27*01,ELAGIGILTV,TRBV27*01-CASSLGPSVYEQYF,
352,CASSQGVLAGEQFF,TRBV4-1*01,ELAGIGILTV,TRBV4-1*01-CASSQGVLAGEQFF,
353,CASSYGHFGSYGYTF,TRBV6-1*01,EAAGIGILTV,TRBV6-1*01-CASSYGHFGSYGYTF,
354,CASSLSTGFQETQYF,TRBV27*01,EAAGIGILTV,TRBV27*01-CASSLSTGFQETQYF,
355,CASSITPLGGDGYTF,TRBV27*01,EAAGIGILTV,TRBV27*01-CASSITPLGGDGYTF,
356,CASSYGAQGSYGYTF,TRBV6-1*01,EAAGIGILTV,TRBV6-1*01-CASSYGAQGSYGYTF,
357,CASSDDRGFDTGELFF,TRBV19*01,EAAGIGILTV,TRBV19*01-CASSDDRGFDTGELFF,
358,CASSSFLMTGLNEQFF,TRBV6-1*01,EAAGIGILTV,TRBV6-1*01-CASSSFLMTGLNEQFF,
359,CASSGLGSGQPYEQYF,TRBV5-1*01,EAAGIGILTV,TRBV5-1*01-CASSGLGSGQPYEQYF,
360,CASSQDELAASTDTQYF,TRBV4-1*01,EAAGIGILTV,TRBV4-1*01-CASSQDELAASTDTQYF,
361,CASSVGQSQPQHF,TRBV27*01,ELAGIGILTV,TRBV27*01-CASSVGQSQPQHF,
362,CASSSTGVGQPQHF,TRBV14*01,ELAGIGILTV,TRBV14*01-CASSSTGVGQPQHF,12
363,CASSMTGLGQPQHF,TRBV19*01,ELAGIGILTV,TRBV19*01-CASSMTGLGQPQHF,14
364,CSASVPGLGQPQHF,TRBV20-1*01,ELAGIGILTV,TRBV20-1*01-CSASVPGLGQPQHF,15
365,CASSFQGLGQPQHF,TRBV28*01,ELAGIGILTV,TRBV28*01-CASSFQGLGQPQHF,13
366,CASSQQGLGQPQHF,TRBV28*01,ELAGIGILTV,TRBV28*01-CASSQQGLGQPQHF,16
367,CASSLQGLGQPQHF,TRBV28*01,EAAGIGILTV,TRBV28*01-CASSLQGLGQPQHF,13
368,CASSIQGALGQPQHF,TRBV2*01,EAAGIGILTV,TRBV2*01-CASSIQGALGQPQHF,
369,CASSFTGTFSYEQYF,TRBV28*01,EAAGIGILTV,TRBV28*01-CASSFTGTFSYEQYF,
370,CASSLDAASVHYEQFF,TRBV11-1*01,EAAGIGILTV,TRBV11-1*01-CASSLDAASVHYEQFF,
371,CASSFGEGLVYNEQFF,TRBV28*01,ELAGIGILTV,TRBV28*01-CASSFGEGLVYNEQFF,
372,CASRDPGGGGYEKLFF,TRBV28*01,ELAGIGILTV,TRBV28*01-CASRDPGGGGYEKLFF,
373,CASSQEALGGRVDTQYF,TRBV4-1*01,ELAGIGILTV,TRBV4-1*01-CASSQEALGGRVDTQYF,
374,CASPATGSNQPQHF,TRBV4-1*01,ELAGIGILTV,TRBV4-1*01-CASPATGSNQPQHF,
375,CASSDSTASSEQFF,TRBV27*01,ELAGIGILTV,TRBV27*01-CASSDSTASSEQFF,
376,CASSPSQGGNTEAFF,TRBV27*01,ELAGIGILTV,TRBV27*01-CASSPSQGGNTEAFF,
377,CASSFSSGSPHEQFF,TRBV27*01,ELAGIGILTV,TRBV27*01-CASSFSSGSPHEQFF,
378,CASSSSGTSGVYEQYF,TRBV28*01,ELAGIGILTV,TRBV28*01-CASSSSGTSGVYEQYF,
379,CASSSTSGAQGDTQYF,TRBV27*01,ELAGIGILTV,TRBV27*01-CASSSTSGAQGDTQYF,
380,CASSFGGLGTEAFF,TRBV28*01,ELAGIGILTV,TRBV28*01-CASSFGGLGTEAFF,
381,CASSLSSLIVDTQYF,TRBV27*01,ELAGIGILTV,TRBV27*01-CASSLSSLIVDTQYF,
382,CASSPGTLSDTQYF,TRBV4-1*01,ELAGIGILTV,TRBV4-1*01-CASSPGTLSDTQYF,9
383,CASSQDRGGAETQYF,TRBV4-1*01,ELAGIGILTV,TRBV4-1*01-CASSQDRGGAETQYF,
384,CRPGPLAGYGYTF,TRBV20-1*01,ELAGIGILTV,TRBV20-1*01-CRPGPLAGYGYTF,
385,CSARDGLGELFF,TRBV20-1*01,ELAGIGILTV,TRBV20-1*01-CSARDGLGELFF,71
386,CSARAGVGGDTQYF,TRBV20-1*01,ELAGIGILTV,TRBV20-1*01-CSARAGVGGDTQYF,
387,CSARDGLGELFF,TRBV20-1*01,ELAGIGILTV,TRBV20-1*01-CSARDGLGELFF,71
388,CSAPRAGVGQPQHF,TRBV20-1*01,ELAGIGILTV,TRBV20-1*01-CSAPRAGVGQPQHF,
389,CASSGQGVGNEQFF,TRBV7-2*01,ELAGIGILTV,TRBV7-2*01-CASSGQGVGNEQFF,
390,CASSRSPDTQYF,TRBV14*01,ELAGIGILTV,TRBV14*01-CASSRSPDTQYF,67
391,CASRMIGYEQYF,TRBV3-1*01,ELAGIGILTV,TRBV3-1*01-CASRMIGYEQYF,
392,CASSDPTSPNEQFF,TRBV6-4*01,ELAGIGILTV,TRBV6-4*01-CASSDPTSPNEQFF,
393,CASALPGPITGSEAFF,TRBV2*01,ELAGIGILTV,TRBV2*01-CASALPGPITGSEAFF,
394,CASSTRDRGYEQYF,TRBV19*01,ELAGIGILTV,TRBV19*01-CASSTRDRGYEQYF,
395,CASSQEGGAFVDTQYF,TRBV14*01,ELAGIGILTV,TRBV14*01-CASSQEGGAFVDTQYF,
396,CASSLGAGIVETQYF,TRBV14*01,ELAGIGILTV,TRBV14*01-CASSLGAGIVETQYF,
397,CASSLLGGSTDTQYF,TRBV14*01,ELAGIGILTV,TRBV14*01-CASSLLGGSTDTQYF,
398,CASASAQLGNTIYF,TRBV2*01,ELAGIGILTV,TRBV2*01-CASASAQLGNTIYF,
399,CASSLLGPGQPQHF,TRBV3-1*01,ELAGIGILTV,TRBV3-1*01-CASSLLGPGQPQHF,
400,CASSRSPDTQYF,TRBV9*01,ELAGIGILTV,TRBV9*01-CASSRSPDTQYF,67
401,CASSPLSSVRLF,TRBV7-2*01,ELAGIGILTV,TRBV7-2*01-CASSPLSSVRLF,
402,CASSERAGELFF,TRBV2*01,ELAGIGILTV,TRBV2*01-CASSERAGELFF,
403,CSARDREDEKLFF,TRBV20-1*01,ELAGIGILTV,TRBV20-1*01-CSARDREDEKLFF,
404,CASSFGGSQPQHF,TRBV27*01,ELAGIGILTV,TRBV27*01-CASSFGGSQPQHF,
405,CASTLGQGQPQHF,TRBV3-1*01,ELAGIGILTV,TRBV3-1*01-CASTLGQGQPQHF,
406,CASSYSTGDGVHF,TRBV6-1*01,ELAGIGILTV,TRBV6-1*01-CASSYSTGDGVHF,
407,CATSVSANTGELFF,TRBV24-1*01,ELAGIGILTV,TRBV24-1*01-CATSVSANTGELFF,
408,CASSQEAGGETQYF,TRBV4-1*01,ELAGIGILTV,TRBV4-1*01-CASSQEAGGETQYF,
409,CASSLMASFETQYF,TRBV27*01,ELAGIGILTV,TRBV27*01-CASSLMASFETQYF,
410,CASRGLAGAGEQYF,TRBV3-1*01,ELAGIGILTV,TRBV3-1*01-CASRGLAGAGEQYF,
411,CASSYLGSGNEQFF,TRBV6-1*01,ELAGIGILTV,TRBV6-1*01-CASSYLGSGNEQFF,
412,CASSPGLAYYEQYF,TRBV3-1*01,ELAGIGILTV,TRBV3-1*01-CASSPGLAYYEQYF,
413,CASTPGPRDSPLHF,TRBV2*01,ELAGIGILTV,TRBV2*01-CASTPGPRDSPLHF,
414,CASSLLQGSDTQYF,TRBV27*01,ELAGIGILTV,TRBV27*01-CASSLLQGSDTQYF,
415,CASSRGQGIDTQYF,TRBV7-2*01,ELAGIGILTV,TRBV7-2*01-CASSRGQGIDTQYF,
416,CASSPEQGGQPQHF,TRBV4-1*01,ELAGIGILTV,TRBV4-1*01-CASSPEQGGQPQHF,
417,CASSYDTLGTEAFF,TRBV6-1*01,ELAGIGILTV,TRBV6-1*01-CASSYDTLGTEAFF,
418,CSASSGGAGVDTQYF,TRBV20-1*01,ELAGIGILTV,TRBV20-1*01-CSASSGGAGVDTQYF,
419,CASSVGGGNTGELFF,TRBV6-1*01,ELAGIGILTV,TRBV6-1*01-CASSVGGGNTGELFF,
420,CASRLPGLSLNEQYF,TRBV6-1*01,ELAGIGILTV,TRBV6-1*01-CASRLPGLSLNEQYF,
421,CASSQESLAGNEQFF,TRBV4-1*01,ELAGIGILTV,TRBV4-1*01-CASSQESLAGNEQFF,
422,CASSQVGMTTGELFF,TRBV3-1*01,ELAGIGILTV,TRBV3-1*01-CASSQVGMTTGELFF,
423,CASSLMTAVYNSPLHF,TRBV12-3*01,ELAGIGILTV,TRBV12-3*01-CASSLMTAVYNSPLHF,
424,CSARDQLGLNTGELFF,TRBV20-1*01,ELAGIGILTV,TRBV20-1*01-CSARDQLGLNTGELFF,
425,CASSQIQGAVAGELFF,TRBV4-1*01,ELAGIGILTV,TRBV4-1*01-CASSQIQGAVAGELFF,
426,CAISESQVGVANTEAFF,TRBV10-3*01,ELAGIGILTV,TRBV10-3*01-CAISESQVGVANTEAFF,
427,CASSSAGGPHLRDEQFF,TRBV13*01,ELAGIGILTV,TRBV13*01-CASSSAGGPHLRDEQFF,
428,CASSPQRTSGRADEQFF,TRBV11-1*01,ELAGIGILTV,TRBV11-1*01-CASSPQRTSGRADEQFF,
429,CASSLSGVTGVASYGYTF,TRBV27*01,ELAGIGILTV,TRBV27*01-CASSLSGVTGVASYGYTF,
430,CATSRAPGLAVTDTQTF,TRBV15*01,ELAGIGILTV,TRBV15*01-CATSRAPGLAVTDTQTF,
431,CASSFAALPGETEAFF,TRBV5-1*01,ELAGIGILTV,TRBV5-1*01-CASSFAALPGETEAFF,
432,CASSQAHGLFSYEQYF,TRBV3-1*01,ELAGIGILTV,TRBV3-1*01-CASSQAHGLFSYEQYF,
433,CASSLGRYNEQFF,TRBV13*01,YLEPGPVTA,TRBV13*01-CASSLGRYNEQFF,
434,CASSLGSSYEQYF,TRBV14*01,YLEPGPVTA,TRBV14*01-CASSLGSSYEQYF,
435,CASSFIGGTDTQYF,TRBV7-3*01,YLEPGPVTA,TRBV7-3*01-CASSFIGGTDTQYF,
436,CASSIGGPYEQYF,TRBV19*01,YLEPGPVTA,TRBV19*01-CASSIGGPYEQYF,
437,CASSLRGNEQFF,TRBV11-3*01,YLAMPFATPMEAELARRSLA,TRBV11-3*01-CASSLRGNEQFF,
438,CASSLVGTNIQYF,TRBV5-8*01,YLAMPFATPMEAELARRSLA,TRBV5-8*01-CASSLVGTNIQYF,
439,CASSYVGNTGELFF,TRBV6-5*01,SLLMWITQC,TRBV6-5*01-CASSYVGNTGELFF,10
440,CASSLSFGTEAFF,TRBV6-4*01,AAGIGILTV,TRBV6-4*01-CASSLSFGTEAFF,57
441,CAISEVGVGQPQHF,TRBV10-3*01,AAGIGILTV,TRBV10-3*01-CAISEVGVGQPQHF,12
442,CASSYVGNTGELFF,TRBV6-5*01,SLLMWITQC,TRBV6-5*01-CASSYVGNTGELFF,10
443,CASSLSFGTEAFF,TRBV6-4*01,AAGIGILTV,TRBV6-4*01-CASSLSFGTEAFF,57
444,CASSFNMATGQYF,TRBV5-1*01,EVDPIGHLY,TRBV5-1*01-CASSFNMATGQYF,42
445,CASSVGGGVTDTQYF,TRBV9*01,MVNTVAGAMK,TRBV9*01-CASSVGGGVTDTQYF,
446,CASSEGLWQVGDEQYF,TRBV6-1*01,HMTEVVRHC,TRBV6-1*01-CASSEGLWQVGDEQYF,59
447,CASSLDPGDTGELFF,TRBV11-2*01,HMTEVVRHC,TRBV11-2*01-CASSLDPGDTGELFF,
448,CAISELVTGDSPLHF,TRBV10-3*01,HMTEVVRHC,TRBV10-3*01-CAISELVTGDSPLHF,17
449,CASSIQQGADTQYF,TRBV27*01,HMTEVVRHC,TRBV27*01-CASSIQQGADTQYF,4
450,CASRLQGWNSPLHF,TRBV6-2*01,VVRHCPHHERCSDSD,TRBV6-2*01-CASRLQGWNSPLHF,
451,CASSYSQAWGQPQHF,TRBV6-2*01,RNTFRHSVVVPCE,TRBV6-2*01-CASSYSQAWGQPQHF,
452,CASSISAGGDGYTF,TRBV19*01,HYNYMCNSSCMGSMN,TRBV19*01-CASSISAGGDGYTF,
453,CASSLVNTEAFF,TRBV11-2*01,HYNYMCNSSCMGSMN,TRBV11-2*01-CASSLVNTEAFF,
454,CASNLGGGSTDTQYF,TRBV11-2*01,SSCMGGMNWR,TRBV11-2*01-CASNLGGGSTDTQYF,
455,CASSFGSGSTDTQYF,TRBV7-8*01,SSCMGGMNWR,TRBV7-8*01-CASSFGSGSTDTQYF,
456,CASSLGTGSTDTQYF,TRBV11-2*01,SSCMGGMNWR,TRBV11-2*01-CASSLGTGSTDTQYF,
457,CASSSRDYEQYF,TRBV19*01,SCMGGMNWRPILTII,TRBV19*01-CASSSRDYEQYF,
458,CASSLGDRGNEKLFF,TRBV2*01,NSKEETGHLENGN,TRBV2*01-CASSLGDRGNEKLFF,
459,CASSKGPGGNYEQYF,TRBV5-6*01,NSKEETGHLENGN,TRBV5-6*01-CASSKGPGGNYEQYF,
460,CASSSPRSSRDTDTQYF,TRBV13*01,VLLGVKLFGV,TRBV13*01-CASSSPRSSRDTDTQYF,
461,CASSLDRKAFF,TRBV5-6*01,TLWCSPIKV,TRBV5-6*01-CASSLDRKAFF,
462,CASRAVINTDTQYF,TRBV12-3*01,APARLERRHSA,TRBV12-3*01-CASRAVINTDTQYF,
463,CASSPGPNQPQHF,TRBV14*01,YHSIEWA,TRBV14*01-CASSPGPNQPQHF,47
464,CASSPGPNQPQHF,TRBV14*01,YHSIEWA,TRBV14*01-CASSPGPNQPQHF,47
465,CASTPTGNTEAFF,TRBV6-1*01,YHSIEWA,TRBV6-1*01-CASTPTGNTEAFF,
466,CASSLDFSRQETQYF,TRBV7-2*01,WLIRETQPITK,TRBV7-2*01-CASSLDFSRQETQYF,
467,CASSLYLASNTGELFF,TRBV27*01,WLIRETQPITK,TRBV27*01-CASSLYLASNTGELFF,
468,CASSDRNTNYGYTF,TRBV6-1*01,GLLDEDFYA,TRBV6-1*01-CASSDRNTNYGYTF,
469,CASSMRVQSNTGELFF,TRBV19*01,GLLDEDFYA,TRBV19*01-CASSMRVQSNTGELFF,
470,CASSPGREQYF,TRBV4-2*01,HQNPVTGLLL,TRBV4-2*01-CASSPGREQYF,
471,CASRDGRVHQPQHF,TRBV2*01,APARLERRHSA,TRBV2*01-CASRDGRVHQPQHF,
472,CASSLSWGSSYNEQFF,TRBV27*01,RVSTLRVSL,TRBV27*01-CASSLSWGSSYNEQFF,
473,CASRDHRVIYGYTF,TRBV6-5*01,SYMIMEIE,TRBV6-5*01-CASRDHRVIYGYTF,
474,CASSRSTGGSGNTIYF,TRBV4-3*01,GEEDGAGGHSL,TRBV4-3*01-CASSRSTGGSGNTIYF,
475,CASSQAGGTGELFF,TRBV4-1*01,GEEDGAGGHSL,TRBV4-1*01-CASSQAGGTGELFF,
476,CASSSTGADSHEQFF,TRBV11-2*01,RHDLPPYRVYL,TRBV11-2*01-CASSSTGADSHEQFF,
477,CASSLLKAANYGYTF,TRBV5-5*01,APARLERRHSA,TRBV5-5*01-CASSLLKAANYGYTF,
478,CASSASTGRNQPQHF,TRBV4-1*01,DPPALASTNAEVT,TRBV4-1*01-CASSASTGRNQPQHF,
479,CASSLARRQYGYTF,TRBV7-9*01,DPPALASTNAEVT,TRBV7-9*01-CASSLARRQYGYTF,
480,CASSSQGFYNIQYF,TRBV7-9*01,DPPALASTNAEVT,TRBV7-9*01-CASSSQGFYNIQYF,
481,CASSPGSPSSYEQYF,TRBV18*01,DPPALASTNAEVT,TRBV18*01-CASSPGSPSSYEQYF,
482,CASSIRNYSNQPQHF,TRBV19*01,DPPALASTNAEVT,TRBV19*01-CASSIRNYSNQPQHF,
483,CASSLRTGQNTEAFF,TRBV19*01,DPPALASTNAEVT,TRBV19*01-CASSLRTGQNTEAFF,
484,CASSGGTPYNSPLHF,TRBV5-1*01,DPPALASTNAEVT,TRBV5-1*01-CASSGGTPYNSPLHF,
485,CASRPWTGANEKLFF,TRBV6-5*01,MPYGYVLNEF,TRBV6-5*01-CASRPWTGANEKLFF,
486,CASSLDREDEQYF,TRBV28*01,TYDTVHRHL,TRBV28*01-CASSLDREDEQYF,
487,CASTPQVNYGYTF,TRBV28*01,GYNSYSVSNSEKHIM,TRBV28*01-CASTPQVNYGYTF,
488,CASTLQANYGYTF,TRBV28*01,GYNSYSVSNSEKHIM,TRBV28*01-CASTLQANYGYTF,
489,CAWSALAGARDTQYF,TRBV30*01,GAVGVGKSAL,TRBV30*01-CAWSALAGARDTQYF,
490,CASSLGLPGTDTQYF,TRBV12-4*01,GAVGVGKSAL,TRBV12-4*01-CASSLGLPGTDTQYF,
491,CSAPPLAGDETQYF,TRBV20-1*01,YVMAYVMAGVGS,TRBV20-1*01-CSAPPLAGDETQYF,
492,CASTTGTSGQNTGELFF,TRBV19*01,KALARALKEGRIR,TRBV19*01-CASTTGTSGQNTGELFF,
493,CASSANRGPDTEAFF,TRBV12-4*01,FGDVGSTLF,TRBV12-4*01-CASSANRGPDTEAFF,
494,CASSVGNGASTDTQYF,TRBV9*01,FRNEGIHL,TRBV9*01-CASSVGNGASTDTQYF,
495,CASTAGLLGSSYNEQFF,TRBV12-3*01,NHVVDISKSGLITIA,TRBV12-3*01-CASTAGLLGSSYNEQFF,
496,CASITKDRAYEQYF,TRBV28*01,ELLVRINRL,TRBV28*01-CASITKDRAYEQYF,
497,CASSLYRGKETQYF,TRBV11-2*01,RILLVAASY,TRBV11-2*01-CASSLYRGKETQYF,
498,CASRTDRFLGAFF,TRBV6-5*01,YLSFYTAEQL,TRBV6-5*01-CASRTDRFLGAFF,
499,CAWSAASGGAQDTQYF,TRBV30*01,MLFSHGLVK,TRBV30*01-CAWSAASGGAQDTQYF,
500,CASSPGTVKETQYF,TRBV5-1*01,EMLFSHGLVK,TRBV5-1*01-CASSPGTVKETQYF,
501,CASSQEFVGAVLDTQYF,TRBV14*01,TLREIRRYQK,TRBV14*01-CASSQEFVGAVLDTQYF,
502,CASSPVYGVAYEQYF,TRBV7-9*01,RLLQCTQQAV,TRBV7-9*01-CASSPVYGVAYEQYF,
503,CASSQDRGIGYGYTF,TRBV3-1*01,LLQCTQQAV,TRBV3-1*01-CASSQDRGIGYGYTF,
504,CASSPRPLEGLYGYTF,TRBV6-1*01,YLSHLPLTCKF,TRBV6-1*01-CASSPRPLEGLYGYTF,
505,CASSDLPGAPTDTQYF,TRBV6-4*01,ILCETCLIV,TRBV6-4*01-CASSDLPGAPTDTQYF,
506,CASSLAGSKLYEQYF,TRBV11-2*01,EHEGSGPEL,TRBV11-2*01-CASSLAGSKLYEQYF,
507,CASSVERENTGELFF,TRBV28*01,WSYDSTLLAY,TRBV28*01-CASSVERENTGELFF,
508,CASNEGNSGNTIYF,TRBV28*01,GDFGLATEKSRWSGS,TRBV28*01-CASNEGNSGNTIYF,
509,CASGARQIPYTF,TRBV28*01,GDFGLATEKSRWSGS,TRBV28*01-CASGARQIPYTF,
510,CASSLSAAGGGYGYTF,TRBV28*01,GDFGLATEKSRWSGS,TRBV28*01-CASSLSAAGGGYGYTF,
511,CASSLGTGGTGELFF,TRBV7-8*01,DFHFEVFNFVPCSI,TRBV7-8*01-CASSLGTGGTGELFF,24
512,CSVQGGLDSNYGYTF,TRBV29-1*01,DFHFEVFNFVPCSI,TRBV29-1*01-CSVQGGLDSNYGYTF,31
513,CASSLGTGGTGELFF,TRBV7-8*01,DFHFEVFNFVPCSI,TRBV7-8*01-CASSLGTGGTGELFF,24
514,CASSLNTGAGYGYTF,TRBV5-1*01,DFHFEVFNFVPCSI,TRBV5-1*01-CASSLNTGAGYGYTF,
515,CASSLGTGGTGELFF,TRBV7-8*01,DFHFEVFNFVPCSI,TRBV7-8*01-CASSLGTGGTGELFF,24
516,CASSLPSGGAPGTGELFF,TRBV2*01,DFHFEVFNFVPCSI,TRBV2*01-CASSLPSGGAPGTGELFF,
517,CSVQGGLDSNYGYTF,TRBV29-1*01,DFHFEVFNFVPCSI,TRBV29-1*01-CSVQGGLDSNYGYTF,31
518,CASSIATTNTGELFF,TRBV19*01,FNNFTVSFWLRVPKVSASHLE,TRBV19*01-CASSIATTNTGELFF,21
519,CASSLETGTNYEQYF,TRBV11-3*01,FNNFTVSFWLRVPKVSASHLE,TRBV11-3*01-CASSLETGTNYEQYF,
520,CASSLDIGNNEQFF,TRBV7-9*01,FNNFTVSFWLRVPKVSASHLE,TRBV7-9*01-CASSLDIGNNEQFF,
521,CASSIATTNTGELFF,TRBV19*01,FNNFTVSFWLRVPKVSASHLE,TRBV19*01-CASSIATTNTGELFF,21
522,CASSVAGGGQETQYF,TRBV9*01,VVVGAVGVGK,TRBV9*01-CASSVAGGGQETQYF,27
523,CASSLSFRQGLREQYF,TRBV28*01,VVVGAVGVGK,TRBV28*01-CASSLSFRQGLREQYF,60
524,CASKVYGYTF,TRBV7-2*01,GARGVGKSAL,TRBV7-2*01-CASKVYGYTF,77
525,CSVESGQDYGYTF,TRBV29-1*01,MTEYKLVVVGAVGVGKSALTIQLI,TRBV29-1*01-CSVESGQDYGYTF,
526,CSASRGATGQPQHF,TRBV20-1*01,MTEYKLVVVGAVGVGKSALTIQLI,TRBV20-1*01-CSASRGATGQPQHF,
527,CASSLAAGGYFNEQFF,TRBV5-1*01,VVVGADGVGK,TRBV5-1*01-CASSLAAGGYFNEQFF,
528,CASSQDVTSEWVDTIYF,TRBV4-3*01,AVGVGKSAL,TRBV4-3*01-CASSQDVTSEWVDTIYF,
529,CASSQEDNEQFF,TRBV4-3*01,AVGVGKSAL,TRBV4-3*01-CASSQEDNEQFF,
530,CASRLGNTGELFF,TRBV28*01,MTEYKLVVVGAGDVGKSALTIQLI,TRBV28*01-CASRLGNTGELFF,
531,CASRQGNTGELFF,TRBV28*01,MTEYKLVVVGAGDVGKSALTIQLI,TRBV28*01-CASRQGNTGELFF,
532,CASSLTSGGFDEQFF,TRBV5-1*01,VVGAVGVGK,TRBV5-1*01-CASSLTSGGFDEQFF,
533,CSAREGAGGMGTQYF,TRBV20-1*01,MTEYKLVVVGAVGVGKSALTIQLI,TRBV20-1*01-CSAREGAGGMGTQYF,
534,CSASNRLAVNEQFF,TRBV20-1*01,MTEYKLVVVGARGVGKSALTIQLI,TRBV20-1*01-CSASNRLAVNEQFF,
535,CASSNQLVTGGYGYTF,TRBV19*02,MTEYKLVVVGARGVGKSALTIQLI,TRBV19*02-CASSNQLVTGGYGYTF,
536,CASSPTLYNEQFF,TRBV7-2*01,GVYALIAGA,TRBV7-2*01-CASSPTLYNEQFF,49
537,CASSLSYLNEQFF,TRBV5-1*01,GVYALIAGA,TRBV5-1*01-CASSLSYLNEQFF,45
538,CASHPVGSLTDTQYF,TRBV6-5*01,GVYALIAGA,TRBV6-5*01-CASHPVGSLTDTQYF,18
539,CASHPVGSLTDTQYF,TRBV6-5*01,GVYALIAGA,TRBV6-5*01-CASHPVGSLTDTQYF,18
540,CASSEWVFWSSYNSPLHF,TRBV6-1*01,GVYALIAGA,TRBV6-1*01-CASSEWVFWSSYNSPLHF,74
541,CASSEEPHEKYFF,TRBV2*01,FIASNGVKLV,TRBV2*01-CASSEEPHEKYFF,
542,CSSFGTDQPQYF,TRBV20-1*01,FIASNGVKLV,TRBV20-1*01-CSSFGTDQPQYF,
543,CASSALGDEQYF,TRBV13*01,FIASNGVKLV,TRBV13*01-CASSALGDEQYF,
544,CASSQVEKGRETQYF,TRBV4-1*01,FLDEFMEGV,TRBV4-1*01-CASSQVEKGRETQYF,
545,CASSLAGGGEQFF,TRBV5-1*01,FLDEFMEGV,TRBV5-1*01-CASSLAGGGEQFF,
546,CASSTRPGTEAFF,TRBV19*01,LLEFYLAMPFATP,TRBV19*01-CASSTRPGTEAFF,
547,CSARDRIAVYNEQFF,TRBV20-1*01,LLEFYLAMPFATP,TRBV20-1*01-CSARDRIAVYNEQFF,
548,CASTLALGGGANEQFF,TRBV6-1*01,LLEFYLAMPFATP,TRBV6-1*01-CASTLALGGGANEQFF,
549,CAISRDTRRGQPQHF,TRBV10-3*01,LLEFYLAMPFATP,TRBV10-3*01-CAISRDTRRGQPQHF,
550,CASSPARDGGGNEQFF,TRBV7-9*01,LLEFYLAMPFATP,TRBV7-9*01-CASSPARDGGGNEQFF,
551,CASSVGPDGSNQPQHF,TRBV9*01,LLEFYLAMPFATP,TRBV9*01-CASSVGPDGSNQPQHF,64
552,CASSTTGKRGEQYF,TRBV19*01,LLEFYLAMPFATP,TRBV19*01-CASSTTGKRGEQYF,
553,CASSLSSGNYYGYTF,TRBV5-1*01,LLEFYLAMPFATP,TRBV5-1*01-CASSLSSGNYYGYTF,
554,CAWGPRGPNYSGNTIYF,TRBV30*01,LLEFYLAMPFATP,TRBV30*01-CAWGPRGPNYSGNTIYF,
555,CASSQSTVRYGYTF,TRBV16*01,LLEFYLAMPFATP,TRBV16*01-CASSQSTVRYGYTF,
556,CASSVGPSGGASELFF,TRBV9*01,LLEFYLAMPFATP,TRBV9*01-CASSVGPSGGASELFF,
557,CASSVGPNGSNQPQHF,TRBV9*01,LLEFYLAMPFATP,TRBV9*01-CASSVGPNGSNQPQHF,64
558,CASSLGRRGGPYNEQFF,TRBV12-3*01,LLEFYLAMPFATP,TRBV12-3*01-CASSLGRRGGPYNEQFF,
559,CASSVAPSGVGTQYF,TRBV9*01,LLEFYLAMPFATP,TRBV9*01-CASSVAPSGVGTQYF,
560,CASSPNRVYGYTF,TRBV10-1*01,LLEFYLAMPFATP,TRBV10-1*01-CASSPNRVYGYTF,
561,CASRLRWGAAAGELFF,TRBV4-1*01,LLEFYLAMPFATP,TRBV4-1*01-CASRLRWGAAAGELFF,
562,CSVEKGNNYGYTF,TRBV29-1*01,RLPGVLPRA,TRBV29-1*01-CSVEKGNNYGYTF,
563,CASSLSQGIYYEQYF,TRBV7-6*01,RLPGVLPRA,TRBV7-6*01-CASSLSQGIYYEQYF,
564,CASEGVHEQFF,TRBV2*01,LLIRWQHFL,TRBV2*01-CASEGVHEQFF,
565,CASSPVGWGNTIYF,TRBV18*01,AALPILFQV,TRBV18*01-CASSPVGWGNTIYF,
566,CASSTMGDYYEQYF,TRBV14*01,ALLLQLFTL,TRBV14*01-CASSTMGDYYEQYF,
567,CASSLWAGNTIYF,TRBV7-6*01,ALLPGLPAA,TRBV7-6*01-CASSLWAGNTIYF,
568,CAINSGFGSPLHF,TRBV15*01,ALLPGLPAA,TRBV15*01-CAINSGFGSPLHF,
569,CSASQIYEQYF,TRBV20-1*01,ALLPGLPAA,TRBV20-1*01-CSASQIYEQYF,
570,CASSFSLQYEQYF,TRBV7-7*01,ALLPGLPAA,TRBV7-7*01-CASSFSLQYEQYF,
571,CASSLFGLAGVEETQYF,TRBV28*01,RLPGVLPRA,TRBV28*01-CASSLFGLAGVEETQYF,
572,CASSQAISDREVWDQETQYF,TRBV3-1*01,RLPGVLPRA,TRBV3-1*01-CASSQAISDREVWDQETQYF,
573,CASSLTPPGSYNEQFF,TRBV27*01,RLPGVLPRA,TRBV27*01-CASSLTPPGSYNEQFF,
574,CASSFGGDGYNEQFF,TRBV12-3*01,RLPGVLPRA,TRBV12-3*01-CASSFGGDGYNEQFF,
575,CASSLRDRGNQPQHF,TRBV13*01,RLPGVLPRA,TRBV13*01-CASSLRDRGNQPQHF,
576,CSVEDLGAGVSNEQFF,TRBV29-1*01,RLPGVLPRA,TRBV29-1*01-CSVEDLGAGVSNEQFF,
577,CASSYEDHEQYF,TRBV3-1*01,RLPGVLPRA,TRBV3-1*01-CASSYEDHEQYF,
578,CASSYSPGYEQYF,TRBV6-5*01,RLPGVLPRA,TRBV6-5*01-CASSYSPGYEQYF,
579,CASSLEVGLAPNEQFF,TRBV27*01,RLPGVLPRA,TRBV27*01-CASSLEVGLAPNEQFF,
580,CASSLAGGSYEQYF,TRBV27*01,RLPGVLPRA,TRBV27*01-CASSLAGGSYEQYF,
581,CASSLITGDTEAFF,TRBV27*01,RLPGVLPRA,TRBV27*01-CASSLITGDTEAFF,
582,CASSPRDEQFF,TRBV7-9*01,RLGEVRHPV,TRBV7-9*01-CASSPRDEQFF,
583,CASSVAGGGQETQYF,TRBV9*01,VVVGAVGVGK,TRBV9*01-CASSVAGGGQETQYF,27
584,CASSLSFRQGLREQYF,TRBV28*01,VVVGAVGVGK,TRBV28*01-CASSLSFRQGLREQYF,60
585,CASKVYGYTF,TRBV7-2*01,GARGVGKSAL,TRBV7-2*01-CASKVYGYTF,77
586,CASSWWDTGELFF,TRBV6-2*01,RMFPNAPYL,TRBV6-2*01-CASSWWDTGELFF,
587,CAWGTLATEQYF,TRBV28*01,RMFPNAPYL,TRBV28*01-CAWGTLATEQYF,
588,CASSLEIFGGIADTDTQYF,TRBV11-2*01,KIFGSLAFL,TRBV11-2*01-CASSLEIFGGIADTDTQYF,
589,CASSFAGTDTQYF,TRBV27*01,ELAGIGILTV,TRBV27*01-CASSFAGTDTQYF,39
590,CAWSQMGLGTEAFF,TRBV30*01,ELAGIGILTV,TRBV30*01-CAWSQMGLGTEAFF,11
591,CASSYSFTEATYEQYF,TRBV6-5*01,ELAGIGILTV,TRBV6-5*01-CASSYSFTEATYEQYF,63
592,CASSYVGLGSPLHF,TRBV6-3*01,ELAGIGILTV,TRBV6-3*01-CASSYVGLGSPLHF,
593,CASSWAGPVEQYF,TRBV12-4*01,ELAGIGILTV,TRBV12-4*01-CASSWAGPVEQYF,54
594,CASSFAGTDTQYF,TRBV27*01,ELAGIGILTV,TRBV27*01-CASSFAGTDTQYF,39
595,CAWSQMGLGTEAFF,TRBV30*01,ELAGIGILTV,TRBV30*01-CAWSQMGLGTEAFF,11
596,CASSWAGPVEQYF,TRBV12-4*01,ELAGIGILTV,TRBV12-4*01-CASSWAGPVEQYF,54
597,CASSYSFTEATYEQYF,TRBV6-5*01,ELAGIGILTV,TRBV6-5*01-CASSYSFTEATYEQYF,63
598,CASSPETGIGGQPQHF,TRBV7-2*01,NLSALGIFST,TRBV7-2*01-CASSPETGIGGQPQHF,62
599,CSARQGQGFLYEQYF,TRBV20-1*01,NLSALGIFST,TRBV20-1*01-CSARQGQGFLYEQYF,30
600,CASSFEGNTGELFF,TRBV27*01,NLSALGIFST,TRBV27*01-CASSFEGNTGELFF,2
601,CASSQVGQAIYGYTF,TRBV4-1*01,NLSALGIFST,TRBV4-1*01-CASSQVGQAIYGYTF,26
602,CASSTLRYEQYF,TRBV7-9*01,NLSALGIFST,TRBV7-9*01-CASSTLRYEQYF,68
603,CSVEDRGVSYEQYF,TRBV29-1*01,NLSALGIFST,TRBV29-1*01-CSVEDRGVSYEQYF,8
604,CASSPETGIGGQPQHF,TRBV7-2*01,NLSALGIFST,TRBV7-2*01-CASSPETGIGGQPQHF,62
605,CASGLDIHAFF,TRBV12-5*01,NLSALGIFST,TRBV12-5*01-CASGLDIHAFF,32
606,CASSPLDNWEQFF,TRBV18*01,NLSALGIFST,TRBV18*01-CASSPLDNWEQFF,48
607,CASSLEVTYEQYF,TRBV7-9*01,NLSALGIFST,TRBV7-9*01-CASSLEVTYEQYF,43
608,CASSLAGEGGNTIYF,TRBV7-9*01,NLSALGIFST,TRBV7-9*01-CASSLAGEGGNTIYF,23
609,CSARQGQGFLYEQYF,TRBV20-1*01,NLSALGIFST,TRBV20-1*01-CSARQGQGFLYEQYF,30
610,CASSEGQNYGYTF,TRBV27*01,NLSALGIFST,TRBV27*01-CASSEGQNYGYTF,38
611,CASSFEGNTGELFF,TRBV27*01,NLSALGIFST,TRBV27*01-CASSFEGNTGELFF,2
612,CASSQVGQAIYGYTF,TRBV4-1*01,NLSALGIFST,TRBV4-1*01-CASSQVGQAIYGYTF,26
613,CASSTLRYEQYF,TRBV7-9*01,NLSALGIFST,TRBV7-9*01-CASSTLRYEQYF,68
614,CASSPETGIGGQPQHF,TRBV7-2*01,NLSALGIFST,TRBV7-2*01-CASSPETGIGGQPQHF,62
615,CATSDRGQGANWDEQFF,TRBV24-1*01,NLSALGIFST,TRBV24-1*01-CATSDRGQGANWDEQFF,
616,CASSQVGQAIYGYTF,TRBV4-1*01,NLSALGIFST,TRBV4-1*01-CASSQVGQAIYGYTF,26
617,CSARQGQGFLYEQYF,TRBV20-1*01,NLSALGIFST,TRBV20-1*01-CSARQGQGFLYEQYF,30
618,CASSFEGNTGELFF,TRBV27*01,NLSALGIFST,TRBV27*01-CASSFEGNTGELFF,2
619,CASSVATLRVSTNEKLFF,TRBV10-1*01,NLSALGIFST,TRBV10-1*01-CASSVATLRVSTNEKLFF,
620,CASSTLRYEQYF,TRBV7-9*01,NLSALGIFST,TRBV7-9*01-CASSTLRYEQYF,68
621,CASSPLDNWEQFF,TRBV18*01,NLSALGIFST,TRBV18*01-CASSPLDNWEQFF,48
622,CASSPLDNWEQFF,TRBV18*01,NLSALGIFST,TRBV18*01-CASSPLDNWEQFF,48
623,CASSIQRNYGYTF,TRBV6-5*01,NLSALGIFST,TRBV6-5*01-CASSIQRNYGYTF,
624,CASSATFNDNEKLFF,TRBV10-1*01,NLSALGIFST,TRBV10-1*01-CASSATFNDNEKLFF,
625,CATSDFGTEAFF,TRBV24-1*01,NLSALGIFST,TRBV24-1*01-CATSDFGTEAFF,
626,CSVEDRGVSYEQYF,TRBV29-1*01,NLSALGIFST,TRBV29-1*01-CSVEDRGVSYEQYF,8
627,CASSQGQLAGGLVF,TRBV4-1*01,NLSALGIFST,TRBV4-1*01-CASSQGQLAGGLVF,
628,CASSGSKGAAGELFF,TRBV11-2*01,NLSALGIFST,TRBV11-2*01-CASSGSKGAAGELFF,
629,CASSLEVTYEQYF,TRBV7-9*01,NLSALGIFST,TRBV7-9*01-CASSLEVTYEQYF,43
630,CASSLAGEGGNTIYF,TRBV7-9*01,NLSALGIFST,TRBV7-9*01-CASSLAGEGGNTIYF,23
631,CASSEGQNYGYTF,TRBV27*01,NLSALGIFST,TRBV27*01-CASSEGQNYGYTF,38
632,CASGLDIHAFF,TRBV12-5*01,NLSALGIFST,TRBV12-5*01-CASGLDIHAFF,32
633,CASSPETGIGGQPQHF,TRBV7-2*01,NLSALGIFST,TRBV7-2*01-CASSPETGIGGQPQHF,62
