,cdr3.beta,v.beta,j.beta,bio,epitope,count,cluster
683,CASSPQGLGTEAFF,TRBV28*01,TRBJ1-1*01,TRBV28*01-CASSPQGLGTEAFF-TRBJ1-1*01,ELAGIGILTV,1,
1298,CASSLADRVNTEAFF,TRBV5-1*01,TRBJ1-1*01,TRBV5-1*01-CASSLADRVNTEAFF-TRBJ1-1*01,VHFFKNIVTPRTPG,1,
1302,CASSYVGNTGELFF,TRBV6-5*01,TRBJ2-2*01,TRBV6-5*01-CASSYVGNTGELFF-TRBJ2-2*01,SLLMWITQV,1,
1304,CASSYVGNTGELFF,TRBV6-5*01,TRBJ2-2*01,TRBV6-5*01-CASSYVGNTGELFF-TRBJ2-2*01,SLLMWITQC,1,
1310,CASSYVGNTGELFF,TRBV6-5*01,TRBJ2-2*01,TRBV6-5*01-CASSYVGNTGELFF-TRBJ2-2*01,SLLMWITQC,1,
1312,CASSYVGNTGELFF,TRBV6-5*01,TRBJ2-2*01,TRBV6-5*01-CASSYVGNTGELFF-TRBJ2-2*01,SLLMWITQC,1,
1316,CASTYHGTGYF,TRBV6-6*01,TRBJ1-3*01,TRBV6-6*01-CASTYHGTGYF-TRBJ1-3*01,GELIGILNAAKVPAD,1,
1318,CASTYHGTGYF,TRBV6-6*01,TRBJ1-3*01,TRBV6-6*01-CASTYHGTGYF-TRBJ1-3*01,GELIGTLNAAKVPAD,1,
1324,CASSYLGNTGELFF,TRBV6-5*01,TRBJ2-2*01,TRBV6-5*01-CASSYLGNTGELFF-TRBJ2-2*01,SLLMWITQC,1,
1326,CASSYLGNTGELFF,TRBV6-5*01,TRBJ2-2*01,TRBV6-5*01-CASSYLGNTGELFF-TRBJ2-2*01,SLLMWITQC,1,
1330,CASSYLGNTGELFF,TRBV6-5*01,TRBJ2-2*01,TRBV6-5*01-CASSYLGNTGELFF-TRBJ2-2*01,SLLMWITQC,1,
1356,CAWSETGLGTGELFF,TRBV30*01,TRBJ2-2*01,TRBV30*01-CAWSETGLGTGELFF-TRBJ2-2*01,ELAGIGILTV,1,
1358,CASSLGQAYEQYF,TRBV7-8*01,TRBJ2-7*01,TRBV7-8*01-CASSLGQAYEQYF-TRBJ2-7*01,EEYLKAWTF,1,
1360,CASSLGQAYEQYF,TRBV7-8*01,TRBJ2-7*01,TRBV7-8*01-CASSLGQAYEQYF-TRBJ2-7*01,EEYLQAFTY,1,
1376,CASRPGLAGGRPEQYF,TRBV6-5*01,TRBJ2-7*01,TRBV6-5*01-CASRPGLAGGRPEQYF-TRBJ2-7*01,LGYGFVNYI,1,
1378,CASSLSFGTEAFF,TRBV6-4*01,TRBJ1-1*01,TRBV6-4*01-CASSLSFGTEAFF-TRBJ1-1*01,ELAGIGILTV,1,
1380,CASSLSFGTEAFF,TRBV6-4*01,TRBJ1-1*01,TRBV6-4*01-CASSLSFGTEAFF-TRBJ1-1*01,AAGIGILTV,1,
1382,CAISEVGVGQPQHF,TRBV10-3*01,TRBJ1-5*01,TRBV10-3*01-CAISEVGVGQPQHF-TRBJ1-5*01,ELAGIGILTV,1,
1384,CAISEVGVGQPQHF,TRBV10-3*01,TRBJ1-5*01,TRBV10-3*01-CAISEVGVGQPQHF-TRBJ1-5*01,AAGIGILTV,1,
1394,CASSLWEKLAKNIQYF,TRBV12-4*01,TRBJ2-4*01,TRBV12-4*01-CASSLWEKLAKNIQYF-TRBJ2-4*01,ALWGPDPAAA,1,
1396,CASSLWEKLAKNIQYF,TRBV12-4*01,TRBJ2-4*01,TRBV12-4*01-CASSLWEKLAKNIQYF-TRBJ2-4*01,ALWGPDPAAA,1,
1406,CASSQIRETQYF,TRBV5-8*01,TRBJ2-5*01,TRBV5-8*01-CASSQIRETQYF-TRBJ2-5*01,GELIGILNAAKVPAD,1,
1408,CASSFLGTGVEQYF,TRBV28*01,TRBJ2-7*01,TRBV28*01-CASSFLGTGVEQYF-TRBJ2-7*01,ALGIGILTV,1,
1418,CAWSETGLGMGGWQF,TRBV30*01,TRBJ2-2*01,TRBV30*01-CAWSETGLGMGGWQF-TRBJ2-2*01,ELAAIGILTV,1,
1420,CAWSETGLGMGGWQF,TRBV30*01,TRBJ2-2*01,TRBV30*01-CAWSETGLGMGGWQF-TRBJ2-2*01,ELAGIGALTV,1,
1422,CAWSETGLGMGGWQF,TRBV30*01,TRBJ2-2*01,TRBV30*01-CAWSETGLGMGGWQF-TRBJ2-2*01,ELAGIGILTV,1,
1428,CASSWSFGTEAFF,TRBV6-4*01,TRBJ1-1*01,TRBV6-4*01-CASSWSFGTEAFF-TRBJ1-1*01,ELAGIGILTV,1,
1432,CASSYQGTEAFF,TRBV6-5*01,TRBJ1-1*01,TRBV6-5*01-CASSYQGTEAFF-TRBJ1-1*01,ILAKFLHWL,1,
1454,CAWSETGLGTGELFF,TRBV30*01,TRBJ2-2*01,TRBV30*01-CAWSETGLGTGELFF-TRBJ2-2*01,EAAGIGILTV,1,
1458,CASRPRRDNEQFF,TRBV6-2*01,TRBJ2-1*01,TRBV6-2*01-CASRPRRDNEQFF-TRBJ2-1*01,QPLALEGSLQKRG,1,
1460,CASRPRDPVTQYF,TRBV6-2*01,TRBJ2-3*01,TRBV6-2*01-CASRPRDPVTQYF-TRBJ2-3*01,LQPLALEGSLQKRG,1,
1474,CASSDWVSYEQYF,TRBV13*01,TRBJ2-7*01,TRBV13*01-CASSDWVSYEQYF-TRBJ2-7*01,ALWGFFPVL,1,
1476,CSARDLTSGANNEQFF,TRBV20-1*01,TRBJ2-1*01,TRBV20-1*01-CSARDLTSGANNEQFF-TRBJ2-1*01,ENPVVHFFKNIVTP,1,
1480,CASSDWVSYEQYF,TRBV13*01,TRBJ2-7*01,TRBV13*01-CASSDWVSYEQYF-TRBJ2-7*01,ALWGFFPVL,1,
1482,CASSDWVSYEQYF,TRBV13*01,TRBJ2-7*01,TRBV13*01-CASSDWVSYEQYF-TRBJ2-7*01,ALWGFFPVL,1,
1486,CASSDWVSYEQYF,TRBV13*01,TRBJ2-7*01,TRBV13*01-CASSDWVSYEQYF-TRBJ2-7*01,ALWGFFPVL,1,
1508,CSARGGSYNSPLHF,TRBV20-1*01,TRBJ1-6*01,TRBV20-1*01-CSARGGSYNSPLHF-TRBJ1-6*01,FSWGAEGQRPGF,1,
1510,CATSALGDTQYF,TRBV24-1*01,TRBJ2-3*01,TRBV24-1*01-CATSALGDTQYF-TRBJ2-3*01,NPVVHFFKNIVTPR,1,
1526,CASSFLGTGVEQYF,TRBV28*01,TRBJ2-7*01,TRBV28*01-CASSFLGTGVEQYF-TRBJ2-7*01,EAAGIGILTV,1,
1546,CASSLAQGGETQYF,TRBV5-1*01,TRBJ2-5*01,TRBV5-1*01-CASSLAQGGETQYF-TRBJ2-5*01,QAFWIDLFETIG,1,
1552,CAAWDDSLNGWVF,TRBV5-4*01,TRBJ1-2*01,TRBV5-4*01-CAAWDDSLNGWVF-TRBJ1-2*01,RMFPNAPYL,1,
1556,CASSFNMATGQYF,TRBV5-1*01,TRBJ2-7*01,TRBV5-1*01-CASSFNMATGQYF-TRBJ2-7*01,EVDPIGHLY,1,
1558,CASSFNMATGQYF,TRBV5-1*01,TRBJ2-7*01,TRBV5-1*01-CASSFNMATGQYF-TRBJ2-7*01,ESDPIVAQY,1,
1574,CASRPGWMAGGVELYF,TRBV6-5*01,TRBJ2-7*01,TRBV6-5*01-CASRPGWMAGGVELYF-TRBJ2-7*01,ELAGIGILTV,1,
1606,CASSYQGTEAFF,TRBV6-5*01,TRBJ1-1*01,TRBV6-5*01-CASSYQGTEAFF-TRBJ1-1*01,ILAKFLHWL,1,
1608,CASSQGLAGAGELFF,TRBV19*01,TRBJ2-2*01,TRBV19*01-CASSQGLAGAGELFF-TRBJ2-2*01,ELAGIGILTV,1,
1616,CASSQGLAGAGELFF,TRBV19*01,TRBJ2-2*01,TRBV19*01-CASSQGLAGAGELFF-TRBJ2-2*01,ELAGIGILTV,1,
1630,CASSANPGDSSNEKLFF,TRBV9*01,TRBJ1-4*01,TRBV9*01-CASSANPGDSSNEKLFF-TRBJ1-4*01,VMAPRTLVL,1,
1650,CASSQRQEGDTQYF,TRBV28*01,TRBJ2-3*01,TRBV28*01-CASSQRQEGDTQYF-TRBJ2-3*01,APRGPHGGAASGL,1,
1652,CASSGGHTGSNEQFF,TRBV9*01,TRBJ2-1*01,TRBV9*01-CASSGGHTGSNEQFF-TRBJ2-1*01,APRGPHGGAASGL,1,
1670,CASSWSFGTEAFF,TRBV6-4*01,TRBJ1-1*01,TRBV6-4*01-CASSWSFGTEAFF-TRBJ1-1*01,AAGIGILTV,1,
1678,CASSWSFGTEAFF,TRBV6-4*01,TRBJ1-1*01,TRBV6-4*01-CASSWSFGTEAFF-TRBJ1-1*01,ELAGIGILTV,1,
1682,CAWSETGLGTGELFF,TRBV30*01,TRBJ2-2*01,TRBV30*01-CAWSETGLGTGELFF-TRBJ2-2*01,AAGIGILTV,1,
1684,CAWSETGLGMGGWQF,TRBV30*01,TRBJ2-2*01,TRBV30*01-CAWSETGLGMGGWQF-TRBJ2-2*01,AAGIGILTV,1,
1710,CASSYVGNTGELFF,TRBV6-5*01,TRBJ2-2*01,TRBV6-5*01-CASSYVGNTGELFF-TRBJ2-2*01,SLLMWITQV,1,
1712,CASSPLDVSISSYNEQFF,TRBV11-2*01,TRBJ2-1*01,TRBV11-2*01-CASSPLDVSISSYNEQFF-TRBJ2-1*01,SLSKILDTV,1,
1714,CASSSPGGVSTEAFF,TRBV7-6*01,TRBJ1-1*01,TRBV7-6*01-CASSSPGGVSTEAFF-TRBJ1-1*01,SLLMWITQV,1,
1716,CSVGGSGGADTQYF,TRBV29-1*01,TRBJ2-3*01,TRBV29-1*01-CSVGGSGGADTQYF-TRBJ2-3*01,SLLMWITQV,1,
1718,CASSYLNRDSALDF,TRBV6-5*01,TRBJ2-1*01,TRBV6-5*01-CASSYLNRDSALDF-TRBJ2-1*01,SLLMWITQV,1,
1720,CASSLGFGRDVMRF,TRBV7-9*01,TRBJ2-5*01,TRBV7-9*01-CASSLGFGRDVMRF-TRBJ2-5*01,RMFPNAPYL,1,
1722,CAWSETGLGMGGWQF,TRBV30*01,TRBJ2-2*01,TRBV30*01-CAWSETGLGMGGWQF-TRBJ2-2*01,EAAGIGILTV,1,
1724,CASSFLMTSGDPYEQYF,TRBV28*01,TRBJ2-7*01,TRBV28*01-CASSFLMTSGDPYEQYF-TRBJ2-7*01,GVYDGREHTV,1,
1730,CASSDPGTEAFF,TRBV10-2*01,TRBJ1-1*01,TRBV10-2*01-CASSDPGTEAFF-TRBJ1-1*01,GADGVGKSAL,1,
1732,CASSITLSSYNEQFF,TRBV19*01,TRBJ2-1*01,TRBV19*01-CASSITLSSYNEQFF-TRBJ2-1*01,ITDQVPFSV,1,
1734,CASSITLSSYNEQFF,TRBV19*01,TRBJ2-1*01,TRBV19*01-CASSITLSSYNEQFF-TRBJ2-1*01,IMDQVPFSV,1,
1736,CASSMGGTYEQYF,TRBV19*01,TRBJ2-7*01,TRBV19*01-CASSMGGTYEQYF-TRBJ2-7*01,ITDQVPFSV,1,
1738,CASSMGGTYEQYF,TRBV19*01,TRBJ2-7*01,TRBV19*01-CASSMGGTYEQYF-TRBJ2-7*01,ILDQVPFSV,1,
1742,CASSIQQGADTQYF,TRBV27*01,TRBJ2-3*01,TRBV27*01-CASSIQQGADTQYF-TRBJ2-3*01,HMTEVVRHC,1,
1744,CASSEGLWQVGDEQYF,TRBV6-1*01,TRBJ2-7*01,TRBV6-1*01-CASSEGLWQVGDEQYF-TRBJ2-7*01,HMTEVVRHC,1,
1746,CAISELVTGDSPLHF,TRBV10-3*01,TRBJ1-6*01,TRBV10-3*01-CAISELVTGDSPLHF-TRBJ1-6*01,HMTEVVRHC,1,
1756,CASSLSASGGATDTQYF,TRBV5-1*01,TRBJ2-3*01,TRBV5-1*01-CASSLSASGGATDTQYF-TRBJ2-3*01,GQVELGGGNAVEVCKGS,1,
1758,CASSLERDGYTF,TRBV5-1*01,TRBJ1-2*01,TRBV5-1*01-CASSLERDGYTF-TRBJ1-2*01,GQVELGGGNAVEVCK,1,
1760,CASSLERETQYF,TRBV5-1*01,TRBJ2-5*01,TRBV5-1*01-CASSLERETQYF-TRBJ2-5*01,GQVELGGGNAVEVCKGS,1,
1790,CASSLVAETYEQYF,TRBV11-2*01,TRBJ2-7*01,TRBV11-2*01-CASSLVAETYEQYF-TRBJ2-7*01,ALHGGWTTK,1,
3658,CASGGTGATYSNQPQHF,TRBV28*01,TRBJ1-5*01,TRBV28*01-CASGGTGATYSNQPQHF-TRBJ1-5*01,LLLGIGILV,1,
3659,CASRPDFTGEQYF,TRBV10-1*01,TRBJ2-7*01,TRBV10-1*01-CASRPDFTGEQYF-TRBJ2-7*01,LLLGIGILV,1,
3660,CASSPTSIANTGELFF,TRBV7-7*01,TRBJ2-2*01,TRBV7-7*01-CASSPTSIANTGELFF-TRBJ2-2*01,LLLGIGILV,1,
3661,CASSTASYEQYF,TRBV28*01,TRBJ2-7*01,TRBV28*01-CASSTASYEQYF-TRBJ2-7*01,LLLGIGILV,1,
3662,CSGGQGDGYTF,TRBV29-1*01,TRBJ1-2*01,TRBV29-1*01-CSGGQGDGYTF-TRBJ1-2*01,LLLGIGILV,1,
4010,CASSQGPFREEAFF,TRBV4-1*01,TRBJ1-1*01,TRBV4-1*01-CASSQGPFREEAFF-TRBJ1-1*01,LLLGIGILV,1,
4011,CATSDLSQGVDTQYF,TRBV24-1*01,TRBJ2-3*01,TRBV24-1*01-CATSDLSQGVDTQYF-TRBJ2-3*01,LLLGIGILV,1,
4170,CASSQGQLNTGELFF,TRBV27*01,TRBJ2-2*01,TRBV27*01-CASSQGQLNTGELFF-TRBJ2-2*01,LLLGIGILV,1,
4171,CASSVGRFVGPYEKLFF,TRBV9*01,TRBJ1-4*01,TRBV9*01-CASSVGRFVGPYEKLFF-TRBJ1-4*01,LLLGIGILV,1,
17338,CASSLRGGQSYEQYF,TRBV12-4*01,TRBJ2-7*01,TRBV12-4*01-CASSLRGGQSYEQYF-TRBJ2-7*01,MLYQHLLPL,1,
17340,CASSQWDNQPQHF,TRBV4-1*01,TRBJ1-5*01,TRBV4-1*01-CASSQWDNQPQHF-TRBJ1-5*01,WMRLLPLL,1,
17342,CAISEGAPNTEAFF,TRBV10-3*01,TRBJ1-1*01,TRBV10-3*01-CAISEGAPNTEAFF-TRBJ1-1*01,FGDHPGHSY,1,
20266,CASSWERAGKAFF,TRBV5-4*01,TRBJ1-1*01,TRBV5-4*01-CASSWERAGKAFF-TRBJ1-1*01,VVVGAVGVGKSALTIQLIQN,1,
20268,CASSQVGRGRGAFF,TRBV3-1*01,TRBJ1-1*01,TRBV3-1*01-CASSQVGRGRGAFF-TRBJ1-1*01,SVCAGILSYGV,1,
20270,CASSVVDADTQYF,TRBV9*01,TRBJ2-3*01,TRBV9*01-CASSVVDADTQYF-TRBJ2-3*01,SVCAGILSYGV,1,
20272,CASSVVDADTQYF,TRBV9*01,TRBJ2-3*01,TRBV9*01-CASSVVDADTQYF-TRBJ2-3*01,SVCAGILSYGV,1,
21267,CASSELPAGGTNEQFF,TRBV10-2*01,TRBJ2-1*01,TRBV10-2*01-CASSELPAGGTNEQFF-TRBJ2-1*01,RLARLALVL,1,
21269,CASSFFSNTGELFF,TRBV27*01,TRBJ2-2*01,TRBV27*01-CASSFFSNTGELFF-TRBJ2-2*01,RLARLALVL,1,
21271,CASSFLTDTQYF,TRBV6-3*01,TRBJ2-3*01,TRBV6-3*01-CASSFLTDTQYF-TRBJ2-3*01,RLARLALVL,1,
21273,CASSYMGPEAFF,TRBV6-3*01,TRBJ1-1*01,TRBV6-3*01-CASSYMGPEAFF-TRBJ1-1*01,RLARLALVL,1,
21275,CASMDLAFKQYF,TRBV6-3*01,TRBJ2-7*01,TRBV6-3*01-CASMDLAFKQYF-TRBJ2-7*01,RLARLALVL,1,
21277,CASSQVSGYEQYF,TRBV4-3*01,TRBJ2-7*01,TRBV4-3*01-CASSQVSGYEQYF-TRBJ2-7*01,RLARLALVL,1,
21279,CASSPQGDNEQFF,TRBV18*01,TRBJ2-1*01,TRBV18*01-CASSPQGDNEQFF-TRBJ2-1*01,RLARLALVL,1,
21281,CASSDQGGDNEQFF,TRBV2*01,TRBJ2-1*01,TRBV2*01-CASSDQGGDNEQFF-TRBJ2-1*01,ATGFKQSSKALQRPVAS,1,
21283,CASSQGGDEQFF,TRBV4-2*01,TRBJ2-1*01,TRBV4-2*01-CASSQGGDEQFF-TRBJ2-1*01,ALYGFVPVL,1,
21284,CASSQDPLLEGYSYNEQFF,TRBV4-1*01,TRBJ2-1*01,TRBV4-1*01-CASSQDPLLEGYSYNEQFF-TRBJ2-1*01,NLNCCSVPV,1,
21286,CASSGELRGAEKLFF,TRBV12-3*01,TRBJ1-4*01,TRBV12-3*01-CASSGELRGAEKLFF-TRBJ1-4*01,AVGSYVYSV,1,
21288,CASSYGGEQPQHF,TRBV6-5*01,TRBJ1-5*01,TRBV6-5*01-CASSYGGEQPQHF-TRBJ1-5*01,NLNCCSVPV,1,
21290,CASSNGYGNQPQHF,TRBV9*01,TRBJ1-5*01,TRBV9*01-CASSNGYGNQPQHF-TRBJ1-5*01,ALYGFVPVL,1,
21292,CASSVEGVADEQYF,TRBV9*01,TRBJ2-7*01,TRBV9*01-CASSVEGVADEQYF-TRBJ2-7*01,AVGSYVYSV,1,
21294,CASSDLQGGGPGEQYF,TRBV25-1*01,TRBJ2-7*01,TRBV25-1*01-CASSDLQGGGPGEQYF-TRBJ2-7*01,ALYGFVPVL,1,
21295,CASSVEGVADTQYF,TRBV9*01,TRBJ2-3*01,TRBV9*01-CASSVEGVADTQYF-TRBJ2-3*01,AVGSYVYSV,1,
21296,CASSSTGALYEQYF,TRBV5-4*01,TRBJ2-7*01,TRBV5-4*01-CASSSTGALYEQYF-TRBJ2-7*01,KLSHQLVLL,1,
21298,CASTIALGYEQYF,TRBV28*01,TRBJ2-7*01,TRBV28*01-CASTIALGYEQYF-TRBJ2-7*01,NLNCCSVPV,1,
21300,CASSSGGGNEQFF,TRBV19*01,TRBJ2-1*01,TRBV19*01-CASSSGGGNEQFF-TRBJ2-1*01,NLNCCSVPV,1,
21302,CASSSGGGNEQFF,TRBV19*01,TRBJ2-1*01,TRBV19*01-CASSSGGGNEQFF-TRBJ2-1*01,NLNCCSVPV,1,
21304,CASSPSLQVAQHF,TRBV4-1*01,TRBJ1-5*01,TRBV4-1*01-CASSPSLQVAQHF-TRBJ1-5*01,ALYGFVPVL,1,
21306,CATSDPGTTNTGELFF,TRBV24-1*01,TRBJ2-2*01,TRBV24-1*01-CATSDPGTTNTGELFF-TRBJ2-2*01,ALYGFVPVL,1,
21308,CASSLGGGAYEQYF,TRBV5-4*01,TRBJ2-7*01,TRBV5-4*01-CASSLGGGAYEQYF-TRBJ2-7*01,ALYGFVPVL,1,
21310,CSASPGYNEQFF,TRBV20-1*01,TRBJ2-1*01,TRBV20-1*01-CSASPGYNEQFF-TRBJ2-1*01,VVMSWAPPV,1,
21312,CASSLAGESSYNEQFF,TRBV11-2*01,TRBJ2-1*01,TRBV11-2*01-CASSLAGESSYNEQFF-TRBJ2-1*01,VVMSWAPPV,1,
21314,CASSLGDPNTEAFF,TRBV7-6*01,TRBJ1-1*01,TRBV7-6*01-CASSLGDPNTEAFF-TRBJ1-1*01,KLFEFLVYGV,1,
21316,CASSLGGYSPLHF,TRBV7-7*01,TRBJ1-6*01,TRBV7-7*01-CASSLGGYSPLHF-TRBJ1-6*01,VVMSWAPPV,1,
21318,CASSTQGQPQHF,TRBV19*01,TRBJ1-5*01,TRBV19*01-CASSTQGQPQHF-TRBJ1-5*01,VVMSWAPPV,1,
21320,CASSLGGSYTF,TRBV5-6*01,TRBJ1-2*01,TRBV5-6*01-CASSLGGSYTF-TRBJ1-2*01,VVMSWAPPV,1,
21322,CASSPWTPTTDTQYF,TRBV5-1*01,TRBJ2-3*01,TRBV5-1*01-CASSPWTPTTDTQYF-TRBJ2-3*01,VVMSWAPPV,1,
21324,CASNFPNISEGTCSNQPQHF,TRBV3-1*01,TRBJ1-5*01,TRBV3-1*01-CASNFPNISEGTCSNQPQHF-TRBJ1-5*01,VVMSWAPPV,1,
21326,CQAGGRLGELFF,TRBV20-1*01,TRBJ2-2*01,TRBV20-1*01-CQAGGRLGELFF-TRBJ2-2*01,VVMSWAPPV,1,
21327,CASSSGGGNEQFF,TRBV19*01,TRBJ2-1*01,TRBV19*01-CASSSGGGNEQFF-TRBJ2-1*01,ALTPVVVTL,1,
21328,CASSAQGFGELFF,TRBV9*01,TRBJ2-2*01,TRBV9*01-CASSAQGFGELFF-TRBJ2-2*01,ALTPVVVTL,1,
21329,CASSEGRETQYF,TRBV25-1*01,TRBJ2-5*01,TRBV25-1*01-CASSEGRETQYF-TRBJ2-5*01,ALTPVVVTL,1,
21330,CASSIGQGPYEQYF,TRBV19*01,TRBJ2-7*01,TRBV19*01-CASSIGQGPYEQYF-TRBJ2-7*01,ALTPVVVTL,1,
21331,CASSLGGRRYEQYF,TRBV11-1*01,TRBJ2-7*01,TRBV11-1*01-CASSLGGRRYEQYF-TRBJ2-7*01,ALTPVVVTL,1,
21332,CASSLGQKEQYF,TRBV11-1*01,TRBJ2-7*01,TRBV11-1*01-CASSLGQKEQYF-TRBJ2-7*01,ALTPVVVTL,1,
21334,CASRGEGYGYTF,TRBV2*01,TRBJ1-2*01,TRBV2*01-CASRGEGYGYTF-TRBJ1-2*01,PGVLLKEFTVSGNIL,1,
21336,CASGYQNQPQHF,TRBV2*01,TRBJ1-5*01,TRBV2*01-CASGYQNQPQHF-TRBJ1-5*01,PGVLLKEFTVSGNIL,1,
21338,CASSTQTELPQHF,TRBV2*01,TRBJ1-5*01,TRBV2*01-CASSTQTELPQHF-TRBJ1-5*01,PGVLLKEFTVSGNIL,1,
21340,CASSVMGTQYF,TRBV2*01,TRBJ2-3*01,TRBV2*01-CASSVMGTQYF-TRBJ2-3*01,PGVLLKEFTVSGNIL,1,
21342,CASSPLRPSYEQYF,TRBV2*01,TRBJ2-7*01,TRBV2*01-CASSPLRPSYEQYF-TRBJ2-7*01,PGVLLKEFTVSGNIL,1,
21344,CASSGQGAGTQYF,TRBV2*01,TRBJ2-5*01,TRBV2*01-CASSGQGAGTQYF-TRBJ2-5*01,PGVLLKEFTVSGNIL,1,
21346,CASSVMTGLNTEAFF,TRBV2*01,TRBJ1-1*01,TRBV2*01-CASSVMTGLNTEAFF-TRBJ1-1*01,PGVLLKEFTVSGNIL,1,
21348,CASSVIYEQYF,TRBV2*01,TRBJ2-7*01,TRBV2*01-CASSVIYEQYF-TRBJ2-7*01,PGVLLKEFTVSGNIL,1,
21350,CASSIIYEQYF,TRBV2*01,TRBJ2-7*01,TRBV2*01-CASSIIYEQYF-TRBJ2-7*01,PGVLLKEFTVSGNIL,1,
21352,CASSGLAGVTGELFF,TRBV2*01,TRBJ2-2*01,TRBV2*01-CASSGLAGVTGELFF-TRBJ2-2*01,PGVLLKEFTVSGNIL,1,
25655,CASSIEGPTGELFF,TRBV19*01,TRBJ2-2*01,TRBV19*01-CASSIEGPTGELFF-TRBJ2-2*01,VAANIVLTV,1,
25657,CASGGSSYEQYF,TRBV19*01,TRBJ2-7*01,TRBV19*01-CASGGSSYEQYF-TRBJ2-7*01,VAANIVLTV,1,
25659,CASSSVGVDTQYF,TRBV6-1*01,TRBJ2-3*01,TRBV6-1*01-CASSSVGVDTQYF-TRBJ2-3*01,VAANIVLTV,1,
25661,CASSIFPNPGNTIYF,TRBV19*01,TRBJ1-3*01,TRBV19*01-CASSIFPNPGNTIYF-TRBJ1-3*01,VAANIVLTV,1,
25663,CASSPFLTGSNTEAFF,TRBV11-2*01,TRBJ1-1*01,TRBV11-2*01-CASSPFLTGSNTEAFF-TRBJ1-1*01,VAANIVLTV,1,
25665,CASTLTGFAEAFF,TRBV19*01,TRBJ1-1*01,TRBV19*01-CASTLTGFAEAFF-TRBJ1-1*01,VAANIVLTV,1,
25667,CASSPSWLSGVTQYF,TRBV7-2*02,TRBJ2-3*01,TRBV7-2*02-CASSPSWLSGVTQYF-TRBJ2-3*01,VAANIVLTV,1,
25669,CASSDQETQYF,TRBV25-1*01,TRBJ2-5*01,TRBV25-1*01-CASSDQETQYF-TRBJ2-5*01,VAANIVLTV,1,
25671,CASSIVSSSYNEQFF,TRBV19*01,TRBJ2-1*01,TRBV19*01-CASSIVSSSYNEQFF-TRBJ2-1*01,VAANIVLTV,1,
25673,CASRAGSFSTDTQYF,TRBV27*01,TRBJ2-3*01,TRBV27*01-CASRAGSFSTDTQYF-TRBJ2-3*01,VAANIVLTV,1,
25675,CASSQEGTAYEQYF,TRBV4-2*01,TRBJ2-7*01,TRBV4-2*01-CASSQEGTAYEQYF-TRBJ2-7*01,VAANIVLTV,1,
25677,CASSPWTGIPYNSPLHF,TRBV9*01,TRBJ1-6*01,TRBV9*01-CASSPWTGIPYNSPLHF-TRBJ1-6*01,VAANIVLTV,1,
25679,CASSEVGQGFNGYTF,TRBV25-1*01,TRBJ1-2*01,TRBV25-1*01-CASSEVGQGFNGYTF-TRBJ1-2*01,VAANIVLTV,1,
25681,CASQSYRVGSEQYF,TRBV6-5*01,TRBJ2-7*01,TRBV6-5*01-CASQSYRVGSEQYF-TRBJ2-7*01,VAANIVLTV,1,
25683,CASQSYRVGSEQYF,TRBV6-5*01,TRBJ2-7*01,TRBV6-5*01-CASQSYRVGSEQYF-TRBJ2-7*01,VAANIVLTV,1,
26412,CASSEGLWQVGDEQYF,TRBV6-1*01,TRBJ2-7*01,TRBV6-1*01-CASSEGLWQVGDEQYF-TRBJ2-7*01,HMTEVVRHC,1,
26414,CAISELVTGDSPLHF,TRBV10-3*01,TRBJ1-6*01,TRBV10-3*01-CAISELVTGDSPLHF-TRBJ1-6*01,HMTEVVRHC,1,
26416,CASSIQQGADTQYF,TRBV27*01,TRBJ2-3*01,TRBV27*01-CASSIQQGADTQYF-TRBJ2-3*01,HMTEVVRHC,1,
26418,CASSLGEGRVDGYTF,TRBV5-6*01,TRBJ1-2*01,TRBV5-6*01-CASSLGEGRVDGYTF-TRBJ1-2*01,GADGVGKSAL,1,
26420,CASSDPGTEAFF,TRBV10-2*01,TRBJ1-1*01,TRBV10-2*01-CASSDPGTEAFF-TRBJ1-1*01,GADGVGKSAL,1,
26422,CASSFGQSSTYGYTF,TRBV5-6*01,TRBJ1-2*01,TRBV5-6*01-CASSFGQSSTYGYTF-TRBJ1-2*01,GADGVGKSAL,1,
26424,CASSLGRASNQPQHF,TRBV5-6*01,TRBJ1-5*01,TRBV5-6*01-CASSLGRASNQPQHF-TRBJ1-5*01,GADGVGKSAL,1,
26426,CASSLGQTNYGYTF,TRBV5-6*01,TRBJ1-2*01,TRBV5-6*01-CASSLGQTNYGYTF-TRBJ1-2*01,GADGVGKSAL,1,
26428,CASSSQGGYGYTF,TRBV7-3*01,TRBJ1-2*01,TRBV7-3*01-CASSSQGGYGYTF-TRBJ1-2*01,KVDPIGHVY,1,
26430,CASSFDRGYGYTF,TRBV7-2*01,TRBJ1-2*01,TRBV7-2*01-CASSFDRGYGYTF-TRBJ1-2*01,KVDPIGHVY,1,
26432,CASSLSGGLLRTGELFF,TRBV27*01,TRBJ2-2*01,TRBV27*01-CASSLSGGLLRTGELFF-TRBJ2-2*01,FVVPYMIYLL,1,
26434,CASSGRVTGGFYNEQFF,TRBV9*01,TRBJ2-1*01,TRBV9*01-CASSGRVTGGFYNEQFF-TRBJ2-1*01,VQIISCQY,1,
26436,CASSFGGAYEQYF,TRBV27*01,TRBJ2-7*01,TRBV27*01-CASSFGGAYEQYF-TRBJ2-7*01,VQIISCQY,1,
26438,CASSLVSPSEQFF,TRBV13*01,TRBJ2-1*01,TRBV13*01-CASSLVSPSEQFF-TRBJ2-1*01,YLSNIIPAL,1,
26440,CASSLFTGTNEQFF,TRBV28*01,TRBJ2-1*01,TRBV28*01-CASSLFTGTNEQFF-TRBJ2-1*01,QLCDVMFYL,1,
26442,CASSLDQGAQDNEQFF,TRBV28*01,TRBJ2-1*01,TRBV28*01-CASSLDQGAQDNEQFF-TRBJ2-1*01,YLYDRLLRV,1,
26444,CATSFAPGQGEHGYTF,TRBV15*01,TRBJ1-2*01,TRBV15*01-CATSFAPGQGEHGYTF-TRBJ1-2*01,LYPEFIASI,1,
26446,CASSTSTGQGWHYGYTF,TRBV28*01,TRBJ1-2*01,TRBV28*01-CASSTSTGQGWHYGYTF-TRBJ1-2*01,MLIGIPVYV,1,
26448,CASRPSRGTNYGYTF,TRBV6-1*01,TRBJ1-2*01,TRBV6-1*01-CASRPSRGTNYGYTF-TRBJ1-2*01,KLYGLDWAEL,1,
26450,CASRPSRGTNYGYTF,TRBV6-1*01,TRBJ1-2*01,TRBV6-1*01-CASRPSRGTNYGYTF-TRBJ1-2*01,KLYGLDWAEL,1,
26452,CASRPSRGTNYGYTF,TRBV6-1*01,TRBJ1-2*01,TRBV6-1*01-CASRPSRGTNYGYTF-TRBJ1-2*01,KLYGLDWAEL,1,
26454,CASRPSRGTNYGYTF,TRBV6-1*01,TRBJ1-2*01,TRBV6-1*01-CASRPSRGTNYGYTF-TRBJ1-2*01,KLYGLDWAEL,1,
26456,CASRPSRGTNYGYTF,TRBV6-1*01,TRBJ1-2*01,TRBV6-1*01-CASRPSRGTNYGYTF-TRBJ1-2*01,KLYGLDWAEL,1,
26458,CASSERGMVEAFF,TRBV25-1*01,TRBJ1-1*01,TRBV25-1*01-CASSERGMVEAFF-TRBJ1-1*01,KLYGLDWAEL,1,
26460,CASSPRNLGPSGSYEQYF,TRBV9*01,TRBJ2-7*01,TRBV9*01-CASSPRNLGPSGSYEQYF-TRBJ2-7*01,KLYGLDWAEL,1,
26462,CASSQNYEQYF,TRBV7-8*01,TRBJ2-7*01,TRBV7-8*01-CASSQNYEQYF-TRBJ2-7*01,ALDPHSGHFV,1,
26464,CASSQNYEQYF,TRBV7-8*01,TRBJ2-7*01,TRBV7-8*01-CASSQNYEQYF-TRBJ2-7*01,ALDPHSGHFV,1,
26466,CASSYSWGAGYEQYF,TRBV6-5*01,TRBJ2-7*01,TRBV6-5*01-CASSYSWGAGYEQYF-TRBJ2-7*01,ALDPHSGHFV,1,
26468,CASTPTGAYEQYF,TRBV12-4*01,TRBJ2-7*01,TRBV12-4*01-CASTPTGAYEQYF-TRBJ2-7*01,ALDPHSGHFV,1,
26470,CSAGTGELFF,TRBV29-1*01,TRBJ2-2*01,TRBV29-1*01-CSAGTGELFF-TRBJ2-2*01,ALDPHSGHFV,1,
26472,CASTPTGAYEQYF,TRBV12-4*01,TRBJ2-7*01,TRBV12-4*01-CASTPTGAYEQYF-TRBJ2-7*01,ALDPHSGHFV,1,
26474,CSARVGDTGELFF,TRBV20-1*01,TRBJ2-2*01,TRBV20-1*01-CSARVGDTGELFF-TRBJ2-2*01,ALSPVIPHI,1,
26476,CSARVGDTGELFF,TRBV20-1*01,TRBJ2-2*01,TRBV20-1*01-CSARVGDTGELFF-TRBJ2-2*01,ALSPVIPHI,1,
26478,CSARVGDTGELFF,TRBV20-1*01,TRBJ2-2*01,TRBV20-1*01-CSARVGDTGELFF-TRBJ2-2*01,ALSPVIPHI,1,
26480,CSARVGDTGELFF,TRBV20-1*01,TRBJ2-2*01,TRBV20-1*01-CSARVGDTGELFF-TRBJ2-2*01,ALSPVIPHI,1,
26482,CSARVGDTGELFF,TRBV20-1*01,TRBJ2-2*01,TRBV20-1*01-CSARVGDTGELFF-TRBJ2-2*01,ALSPVIPHI,1,
26484,CSARVGDTGELFF,TRBV20-1*01,TRBJ2-2*01,TRBV20-1*01-CSARVGDTGELFF-TRBJ2-2*01,ALSPVIPHI,1,
26486,CASSYDSTTGELFF,TRBV4-1*01,TRBJ2-2*01,TRBV4-1*01-CASSYDSTTGELFF-TRBJ2-2*01,ALSPVIPHI,1,
26488,CASSYDSTTGELFF,TRBV4-1*01,TRBJ2-2*01,TRBV4-1*01-CASSYDSTTGELFF-TRBJ2-2*01,ALSPVIPHI,1,
26490,CASSYDSTTGELFF,TRBV4-1*01,TRBJ2-2*01,TRBV4-1*01-CASSYDSTTGELFF-TRBJ2-2*01,ALSPVIPHI,1,
26492,CASSYDSTTGELFF,TRBV4-1*01,TRBJ2-2*01,TRBV4-1*01-CASSYDSTTGELFF-TRBJ2-2*01,ALSPVIPHI,1,
26494,CASTPGGYEQYF,TRBV2*01,TRBJ2-7*01,TRBV2*01-CASTPGGYEQYF-TRBJ2-7*01,KLFEFLVYGV,1,
26496,CASTPGGYEQYF,TRBV2*01,TRBJ2-7*01,TRBV2*01-CASTPGGYEQYF-TRBJ2-7*01,KLFEFLVYGV,1,
26498,CASSQGYEQYF,TRBV11-2*01,TRBJ2-7*01,TRBV11-2*01-CASSQGYEQYF-TRBJ2-7*01,KLFEFLVYGV,1,
26500,CASSQGYEQYF,TRBV11-2*01,TRBJ2-7*01,TRBV11-2*01-CASSQGYEQYF-TRBJ2-7*01,KLFEFLVYGV,1,
26502,CASSQGYEQYF,TRBV11-2*01,TRBJ2-7*01,TRBV11-2*01-CASSQGYEQYF-TRBJ2-7*01,KLFEFLVYGV,1,
67862,CASSSQGGYGYTF,TRBV7-3*01,TRBJ1-2*01,TRBV7-3*01-CASSSQGGYGYTF-TRBJ1-2*01,KVDPIGHVY,1,
67863,CASSFDRGYGYTF,TRBV7-6*01,TRBJ1-2*01,TRBV7-6*01-CASSFDRGYGYTF-TRBJ1-2*01,KVDPIGHVY,1,
67864,CASSLSGGLLRTGELFF,TRBV27*01,TRBJ2-2*01,TRBV27*01-CASSLSGGLLRTGELFF-TRBJ2-2*01,FVVPYMIYLL,1,
67865,CASSGRVTGGFYNEQFF,TRBV9*01,TRBJ2-1*01,TRBV9*01-CASSGRVTGGFYNEQFF-TRBJ2-1*01,VQIISCQY,1,
67866,CASSFGGAYEQYF,TRBV27*01,TRBJ2-7*01,TRBV27*01-CASSFGGAYEQYF-TRBJ2-7*01,VQIISCQY,1,
67867,CASSLILDSPLHF,TRBV7-9*01,TRBJ1-6*01,TRBV7-9*01-CASSLILDSPLHF-TRBJ1-6*01,MTLHGFMMY,1,
67868,CASSVTFRTGPMYGYTF,TRBV9*01,TRBJ1-2*01,TRBV9*01-CASSVTFRTGPMYGYTF-TRBJ1-2*01,MTLHGFMMY,1,
67869,CASSLDLDSDGYTF,TRBV7-9*01,TRBJ1-2*01,TRBV7-9*01-CASSLDLDSDGYTF-TRBJ1-2*01,MTLHGFMMY,1,
67870,CASSESENSYGYTF,TRBV2*01,TRBJ1-2*01,TRBV2*01-CASSESENSYGYTF-TRBJ1-2*01,MTLHGFMMY,1,
67871,CASSPTLYNEQFF,TRBV7-2*01,TRBJ2-1*01,TRBV7-2*01-CASSPTLYNEQFF-TRBJ2-1*01,VYALIAGATL,1,
67872,CASSLSYLNEQFF,TRBV5-1*01,TRBJ2-1*01,TRBV5-1*01-CASSLSYLNEQFF-TRBJ2-1*01,VYALIAGATL,1,
67873,CASHPVGSLTDTQYF,TRBV6-5*01,TRBJ2-3*01,TRBV6-5*01-CASHPVGSLTDTQYF-TRBJ2-3*01,VYALIAGATL,1,
67874,CASSEWVFWSSYNSPLHF,TRBV6-1*01,TRBJ1-6*01,TRBV6-1*01-CASSEWVFWSSYNSPLHF-TRBJ1-6*01,VYALIAGATL,1,
67876,CASSLGPVYEQYF,TRBV5-6*01,TRBJ2-7*01,TRBV5-6*01-CASSLGPVYEQYF-TRBJ2-7*01,TLWCSPIKV,1,
67878,CASSEGHFSGNTIYF,TRBV10-2*01,TRBJ1-3*01,TRBV10-2*01-CASSEGHFSGNTIYF-TRBJ1-3*01,TLWCSPIKV,1,
67880,CASGGAIDTDTQYF,TRBV10-2*01,TRBJ2-3*01,TRBV10-2*01-CASGGAIDTDTQYF-TRBJ2-3*01,TLWCSPIKV,1,
67882,CASSSGLAGEQFF,TRBV13*01,TRBJ2-1*01,TRBV13*01-CASSSGLAGEQFF-TRBJ2-1*01,TLWCSPIKV,1,
67884,CASSFFGSNQPQHF,TRBV13*01,TRBJ1-5*01,TRBV13*01-CASSFFGSNQPQHF-TRBJ1-5*01,TLWCSPIKV,1,
67886,CASSFSNDYEQYF,TRBV11-1*01,TRBJ2-7*01,TRBV11-1*01-CASSFSNDYEQYF-TRBJ2-7*01,TLWCSPIKV,1,
67888,CASGSSGQGEYGELFF,TRBV28*01,TRBJ2-2*01,TRBV28*01-CASGSSGQGEYGELFF-TRBJ2-2*01,TLWCSPIKV,1,
67890,CASSEDLLRDTHQPQHF,TRBV2*01,TRBJ1-5*01,TRBV2*01-CASSEDLLRDTHQPQHF-TRBJ1-5*01,TLWCSPIKV,1,
67892,CASSLIQVGYEQYF,TRBV11-1*01,TRBJ2-7*01,TRBV11-1*01-CASSLIQVGYEQYF-TRBJ2-7*01,TLWCSPIKV,1,
67894,CASSESRSGNQPQHF,TRBV6-1*01,TRBJ1-5*01,TRBV6-1*01-CASSESRSGNQPQHF-TRBJ1-5*01,FMPDFDLHL,1,
67896,CASSLYRGTGELFF,TRBV7-3*01,TRBJ2-2*01,TRBV7-3*01-CASSLYRGTGELFF-TRBJ2-2*01,FMPDFDLHL,1,
67898,CASSHQAGALYNEQFF,TRBV7-9*01,TRBJ2-1*01,TRBV7-9*01-CASSHQAGALYNEQFF-TRBJ2-1*01,EVLPFFLFF,1,
67900,CASSLNSGHTQYF,TRBV27*01,TRBJ2-3*01,TRBV27*01-CASSLNSGHTQYF-TRBJ2-3*01,QTNPVTLQY,1,
67902,CATGTGGNDYEQYF,TRBV15*01,TRBJ2-7*01,TRBV15*01-CATGTGGNDYEQYF-TRBJ2-7*01,TLYSLTLLY,1,
67904,CASSNRGYDEQYF,TRBV9*01,TRBJ2-7*01,TRBV9*01-CASSNRGYDEQYF-TRBJ2-7*01,TEDEHFEFY,1,
67906,CSVEDRRGPFYGYTF,TRBV29-1*01,TRBJ1-2*01,TRBV29-1*01-CSVEDRRGPFYGYTF-TRBJ1-2*01,TEDEHFEFY,1,
67908,CASSQYAVRVGDTEAFF,TRBV14*01,TRBJ1-1*01,TRBV14*01-CASSQYAVRVGDTEAFF-TRBJ1-1*01,FLIYLDVSV,1,
67910,CASSPPGRYYEQYF,TRBV18*01,TRBJ2-7*01,TRBV18*01-CASSPPGRYYEQYF-TRBJ2-7*01,FLIYLDVSV,1,
67912,CATSEGPGQGISGANVLTF,TRBV24-1*01,TRBJ2-6*01,TRBV24-1*01-CATSEGPGQGISGANVLTF-TRBJ2-6*01,FLIYLDVSV,1,
67914,CASSFGGGLQETQYF,TRBV12-3*01,TRBJ2-5*01,TRBV12-3*01-CASSFGGGLQETQYF-TRBJ2-5*01,CISSCNPNL,1,
67916,CASSSTRGWADTQYF,TRBV27*01,TRBJ2-3*01,TRBV27*01-CASSSTRGWADTQYF-TRBJ2-3*01,KLTESLHKV,1,
67917,CASSGQGSSYNSPLHF,TRBV12-3*01,TRBJ1-6*01,TRBV12-3*01-CASSGQGSSYNSPLHF-TRBJ1-6*01,EEAAGIGILTVI,1,
67918,CASSLGNPSTDTQYF,TRBV5-1*01,TRBJ2-3*01,TRBV5-1*01-CASSLGNPSTDTQYF-TRBJ2-3*01,EEAAGIGILTVI,1,
67919,CASPILRQPQHF,TRBV28*01,TRBJ1-5*01,TRBV28*01-CASPILRQPQHF-TRBJ1-5*01,EEAAGIGILTVI,1,
67920,CASSQSGTLYGYTF,TRBV3-1*01,TRBJ1-2*01,TRBV3-1*01-CASSQSGTLYGYTF-TRBJ1-2*01,EEAAGIGILTVI,1,
67921,CASPILRQPQHF,TRBV28*01,TRBJ1-5*01,TRBV28*01-CASPILRQPQHF-TRBJ1-5*01,EEAAGIGILTVI,1,
67922,CASSPGQGNPEAFF,TRBV11-1*01,TRBJ1-1*01,TRBV11-1*01-CASSPGQGNPEAFF-TRBJ1-1*01,LLEFYLAMPFATP,1,
67923,CASSPGGGAYEQYF,TRBV9*01,TRBJ2-7*01,TRBV9*01-CASSPGGGAYEQYF-TRBJ2-7*01,LLEFYLAMPFATP,1,
67924,CASSVVPTGNTEAFF,TRBV9*01,TRBJ1-1*01,TRBV9*01-CASSVVPTGNTEAFF-TRBJ1-1*01,LLEFYLAMPFATP,1,
78106,CASSRDTVNTEAFF,TRBV10-1*01,TRBJ1-1*01,TRBV10-1*01-CASSRDTVNTEAFF-TRBJ1-1*01,VLDLFQGQL,1,
78108,CASSRDTVNTEAFF,TRBV10-1*01,TRBJ1-1*01,TRBV10-1*01-CASSRDTVNTEAFF-TRBJ1-1*01,MMDFFNAQM,1,
78120,CASSRDFVSNEQYF,TRBV10-1*01,TRBJ2-7*01,TRBV10-1*01-CASSRDFVSNEQYF-TRBJ2-7*01,MMDFFNAQM,1,
78132,CASSPSGLAGSNLGNEQFF,TRBV11-3*01,TRBJ2-1*01,TRBV11-3*01-CASSPSGLAGSNLGNEQFF-TRBJ2-1*01,KLEQLDWTV,1,
78134,CASSPSGLAGSNLGNEQFF,TRBV11-3*01,TRBJ2-1*01,TRBV11-3*01-CASSPSGLAGSNLGNEQFF-TRBJ2-1*01,TMETIDWKV,1,
78136,CASSPSGLAGSNLGNEQFF,TRBV11-3*01,TRBJ2-1*01,TRBV11-3*01-CASSPSGLAGSNLGNEQFF-TRBJ2-1*01,TLEELDWCL,1,
78138,CASSPSGLAGSNLGNEQFF,TRBV11-3*01,TRBJ2-1*01,TRBV11-3*01-CASSPSGLAGSNLGNEQFF-TRBJ2-1*01,LLEDLDWDV,1,
78140,CASSPSGLAGSNLGNEQFF,TRBV11-3*01,TRBJ2-1*01,TRBV11-3*01-CASSPSGLAGSNLGNEQFF-TRBJ2-1*01,VLEEVDWLI,1,
78142,CASSPSGLAGSNLGNEQFF,TRBV11-3*01,TRBJ2-1*01,TRBV11-3*01-CASSPSGLAGSNLGNEQFF-TRBJ2-1*01,NMEYMTWDV,1,
78144,CASSPSGLAGSNLGNEQFF,TRBV11-3*01,TRBJ2-1*01,TRBV11-3*01-CASSPSGLAGSNLGNEQFF-TRBJ2-1*01,NVEYYDIKL,1,
78146,CASSPGALNTEAFF,TRBV19*01,TRBJ1-1*01,TRBV19*01-CASSPGALNTEAFF-TRBJ1-1*01,ELAGIGILTV,1,
78148,CASSPAALSGAYEQYF,TRBV27*01,TRBJ2-7*01,TRBV27*01-CASSPAALSGAYEQYF-TRBJ2-7*01,ELAGIGILTV,1,
78150,CASSRRSSGELFF,TRBV19*01,TRBJ2-2*01,TRBV19*01-CASSRRSSGELFF-TRBJ2-2*01,ELAGIGILTV,1,
78152,CASSFQGLGQPQHF,TRBV28*01,TRBJ1-5*01,TRBV28*01-CASSFQGLGQPQHF-TRBJ1-5*01,ELAGIGILTV,1,
78154,CASSRDSALWISTDTQYF,TRBV6-1*01,TRBJ2-3*01,TRBV6-1*01-CASSRDSALWISTDTQYF-TRBJ2-3*01,ELAGIGILTV,1,
78156,CASSRRSSGELFF,TRBV19*01,TRBJ2-2*01,TRBV19*01-CASSRRSSGELFF-TRBJ2-2*01,ELAGIGILTV,1,
78158,CSASETGVGQPQHF,TRBV20-1*01,TRBJ1-5*01,TRBV20-1*01-CSASETGVGQPQHF-TRBJ1-5*01,EAAGIGILTV,1,
78160,CASSQQGLGQPQHF,TRBV27*01,TRBJ1-5*01,TRBV27*01-CASSQQGLGQPQHF-TRBJ1-5*01,EAAGIGILTV,1,
78162,CSVSDLGVGQPQHF,TRBV20-1*01,TRBJ1-5*01,TRBV20-1*01-CSVSDLGVGQPQHF-TRBJ1-5*01,EAAGIGILTV,1,
78164,CASSQGDWGGSQPQHF,TRBV4-1*01,TRBJ1-5*01,TRBV4-1*01-CASSQGDWGGSQPQHF-TRBJ1-5*01,EAAGIGILTV,1,
78166,CASSRDSALWISTDTQYF,TRBV6-1*01,TRBJ2-3*01,TRBV6-1*01-CASSRDSALWISTDTQYF-TRBJ2-3*01,EAAGIGILTV,1,
78168,CASRLGTGPEAFF,TRBV27*01,TRBJ1-1*01,TRBV27*01-CASRLGTGPEAFF-TRBJ1-1*01,EAAGIGILTV,1,
78170,CASSFGLGTEAFF,TRBV28*01,TRBJ1-1*01,TRBV28*01-CASSFGLGTEAFF-TRBJ1-1*01,EAAGIGILTV,1,
78172,CASSLSNEGNEQYF,TRBV27*01,TRBJ2-7*01,TRBV27*01-CASSLSNEGNEQYF-TRBJ2-7*01,EAAGIGILTV,1,
78174,CASSPPGLSGNIQYF,TRBV2*01,TRBJ2-4*01,TRBV2*01-CASSPPGLSGNIQYF-TRBJ2-4*01,ELAGIGILTV,1,
78176,CASSPGTLADTQYF,TRBV18*01,TRBJ2-3*01,TRBV18*01-CASSPGTLADTQYF-TRBJ2-3*01,ELAGIGILTV,1,
78178,CASSAGYGQPQHF,TRBV6-1*01,TRBJ2-5*01,TRBV6-1*01-CASSAGYGQPQHF-TRBJ2-5*01,ELAGIGILTV,1,
78180,CASSQEIGSEQPQHF,TRBV4-1*01,TRBJ2-5*01,TRBV4-1*01-CASSQEIGSEQPQHF-TRBJ2-5*01,ELAGIGILTV,1,
78182,CASRPTGMGQPQHF,TRBV27*01,TRBJ2-5*01,TRBV27*01-CASRPTGMGQPQHF-TRBJ2-5*01,ELAGIGILTV,1,
78184,CASAWGGMTNEQYF,TRBV19*01,TRBJ2-7*01,TRBV19*01-CASAWGGMTNEQYF-TRBJ2-7*01,ELAGIGILTV,1,
78186,CASSETGGTEAFF,TRBV6-1*01,TRBJ1-1*01,TRBV6-1*01-CASSETGGTEAFF-TRBJ1-1*01,EAAGIGILTV,1,
78188,CASSDQGLGTEAFF,TRBV14*01,TRBJ1-1*01,TRBV14*01-CASSDQGLGTEAFF-TRBJ1-1*01,EAAGIGILTV,1,
78190,CASSYLGMGQPQHF,TRBV6-1*01,TRBJ2-5*01,TRBV6-1*01-CASSYLGMGQPQHF-TRBJ2-5*01,EAAGIGILTV,1,
78192,CASSLGDVDEYF,TRBV12-3*01,TRBJ2-7*01,TRBV12-3*01-CASSLGDVDEYF-TRBJ2-7*01,EAAGIGILTV,1,
78194,CASRSLGQGAEKLFF,TRBV27*01,TRBJ1-4*01,TRBV27*01-CASRSLGQGAEKLFF-TRBJ1-4*01,ELAGIGILTV,1,
78195,CASSRGTLHYGYTF,TRBV14*01,TRBJ1-2*01,TRBV14*01-CASSRGTLHYGYTF-TRBJ1-2*01,FYGKTILWF,1,
78196,CASSLGQGCSNQPQHF,TRBV11-3*01,TRBJ1-5*01,TRBV11-3*01-CASSLGQGCSNQPQHF-TRBJ1-5*01,FYGKTILWF,1,
78197,CASSLGAAPQETQYF,TRBV5-6*01,TRBJ2-5*01,TRBV5-6*01-CASSLGAAPQETQYF-TRBJ2-5*01,FYGKTILWF,1,
78198,CASSTRVVAGNNEQFF,TRBV4-1*01,TRBJ2-1*01,TRBV4-1*01-CASSTRVVAGNNEQFF-TRBJ2-1*01,FYGKTILWF,1,
78200,CASSPGVGTEAFF,TRBV6-2*01,TRBJ1-1*01,TRBV6-2*01-CASSPGVGTEAFF-TRBJ1-1*01,EFTVSGNIL,1,
78202,CASSPGASYEQYF,TRBV4-1*01,TRBJ2-7*01,TRBV4-1*01-CASSPGASYEQYF-TRBJ2-7*01,ESITGSLGPLL,1,
78204,CASSLPLGYEQYF,TRBV6-1*01,TRBJ2-7*01,TRBV6-1*01-CASSLPLGYEQYF-TRBJ2-7*01,LAMPFATPM,1,
78206,CASSQDSHSTSTDTQYF,TRBV3-1*01,TRBJ2-3*01,TRBV3-1*01-CASSQDSHSTSTDTQYF-TRBJ2-3*01,KASEKIFYV,1,
78208,CASSALFSGANVLTF,TRBV19*01,TRBJ2-6*01,TRBV19*01-CASSALFSGANVLTF-TRBJ2-6*01,KASEKIFYV,1,
78210,CASSLLPEGTGRVSGYTF,TRBV13*01,TRBJ1-2*01,TRBV13*01-CASSLLPEGTGRVSGYTF-TRBJ1-2*01,VYFFLPDHL,1,
78212,CATSSFRMTGDNSPLHF,TRBV15*01,TRBJ1-6*01,TRBV15*01-CATSSFRMTGDNSPLHF-TRBJ1-6*01,KASEKIFYV,1,
78214,CASSWEYEQYF,TRBV7-9*03,TRBJ2-7*01,TRBV7-9*03-CASSWEYEQYF-TRBJ2-7*01,KASEKIFYV,1,
78216,CSANPRTTLYEQYF,TRBV20-1*01,TRBJ2-7*01,TRBV20-1*01-CSANPRTTLYEQYF-TRBJ2-7*01,MEVDPIGHLY,1,
78218,CATSSEDSSNQPQHF,TRBV15*01,TRBJ1-5*01,TRBV15*01-CATSSEDSSNQPQHF-TRBJ1-5*01,HRRGSRSYV,1,
78220,CASSSSYSNQPQHF,TRBV7-9*03,TRBJ1-5*01,TRBV7-9*03-CASSSSYSNQPQHF-TRBJ1-5*01,APRGPHGGAASGL,1,
78222,CASSLASGSNQPQHF,TRBV7-9*01,TRBJ1-5*01,TRBV7-9*01-CASSLASGSNQPQHF-TRBJ1-5*01,RVRFFFPSL,1,
78224,CASSESQGDYYGYTF,TRBV7-8*01,TRBJ1-2*01,TRBV7-8*01-CASSESQGDYYGYTF-TRBJ1-2*01,VLNGTVHPV,1,
78226,CASSPHAGGVDEKLFF,TRBV18*01,TRBJ1-4*01,TRBV18*01-CASSPHAGGVDEKLFF-TRBJ1-4*01,EEAAGIGIL,1,
78228,CASSHHSGGIYNEQFF,TRBV6-5*01,TRBJ2-1*01,TRBV6-5*01-CASSHHSGGIYNEQFF-TRBJ2-1*01,FQDYIKSYL,1,
78230,CASSLMGGGNTIYF,TRBV2*01,TRBJ1-3*01,TRBV2*01-CASSLMGGGNTIYF-TRBJ1-3*01,RYGSFSVTL,1,
78231,CASSIEFDRGAPTEQYF,TRBV19*01,TRBJ2-7*01,TRBV19*01-CASSIEFDRGAPTEQYF-TRBJ2-7*01,ELAGIGILTV,1,
78232,CASSYRGQSNQPQHF,TRBV6-5*01,TRBJ1-5*01,TRBV6-5*01-CASSYRGQSNQPQHF-TRBJ1-5*01,ELAGIGILTV,1,
78233,CASRWGQLTNYGYTF,TRBV19*01,TRBJ1-2*01,TRBV19*01-CASRWGQLTNYGYTF-TRBJ1-2*01,ELAGIGILTV,1,
78234,CASRYQGLGQPQHF,TRBV28*01,TRBJ1-5*01,TRBV28*01-CASRYQGLGQPQHF-TRBJ1-5*01,ELAGIGILTV,1,
78235,CASSWSQLVHEQFF,TRBV28*01,TRBJ2-1*01,TRBV28*01-CASSWSQLVHEQFF-TRBJ2-1*01,ELAGIGILTV,1,
78236,CSAPDTGLGQPQHF,TRBV20-1*01,TRBJ1-5*01,TRBV20-1*01-CSAPDTGLGQPQHF-TRBJ1-5*01,ELAGIGILTV,1,
78237,CASRDGTLSYNEQFF,TRBV6-5*01,TRBJ2-1*01,TRBV6-5*01-CASRDGTLSYNEQFF-TRBJ2-1*01,ELAGIGILTV,1,
78238,CASSQGQLSSYNEQFF,TRBV10-1*01,TRBJ2-1*01,TRBV10-1*01-CASSQGQLSSYNEQFF-TRBJ2-1*01,ELAGIGILTV,1,
78239,CASSIAAVSLANYGYTF,TRBV19*01,TRBJ1-2*01,TRBV19*01-CASSIAAVSLANYGYTF-TRBJ1-2*01,ELAGIGILTV,1,
78240,CASSPGQGSPLHF,TRBV6-5*01,TRBJ1-6*01,TRBV6-5*01-CASSPGQGSPLHF-TRBJ1-6*01,ELAGIGILTV,1,
78241,CASSLLGGLEAFF,TRBV28*01,TRBJ1-1*01,TRBV28*01-CASSLLGGLEAFF-TRBJ1-1*01,ELAGIGILTV,1,
78242,CASSFRGQNTEAFF,TRBV5-1*01,TRBJ1-1*01,TRBV5-1*01-CASSFRGQNTEAFF-TRBJ1-1*01,ELAGIGILTV,1,
78243,CASSQYEVQETQYF,TRBV3-1*01,TRBJ2-5*01,TRBV3-1*01-CASSQYEVQETQYF-TRBJ2-5*01,ELAGIGILTV,1,
78244,CASSHQGVGQPQHF,TRBV28*01,TRBJ1-5*01,TRBV28*01-CASSHQGVGQPQHF-TRBJ1-5*01,ELAGIGILTV,1,
78245,CASSGQGMGYTF,TRBV5-1*01,TRBJ1-2*01,TRBV5-1*01-CASSGQGMGYTF-TRBJ1-2*01,ELAGIGILTV,1,
78246,CASTLTGLGQPQHF,TRBV28*01,TRBJ1-5*01,TRBV28*01-CASTLTGLGQPQHF-TRBJ1-5*01,ELAGIGILTV,1,
78247,CASIWAGLGQPQHF,TRBV28*01,TRBJ1-5*01,TRBV28*01-CASIWAGLGQPQHF-TRBJ1-5*01,ELAGIGILTV,1,
78248,CASSLQGMGQPQHF,TRBV28*01,TRBJ1-5*01,TRBV28*01-CASSLQGMGQPQHF-TRBJ1-5*01,ELAGIGILTV,1,
78249,CASSKPSGINEQFF,TRBV27*01,TRBJ2-1*01,TRBV27*01-CASSKPSGINEQFF-TRBJ2-1*01,ELAGIGILTV,1,
78250,CSARSRGGGIETQYF,TRBV20-1*01,TRBJ2-5*01,TRBV20-1*01-CSARSRGGGIETQYF-TRBJ2-5*01,ELAGIGILTV,1,
78251,CASSVWADPNEAFF,TRBV9*01,TRBJ1-1*01,TRBV9*01-CASSVWADPNEAFF-TRBJ1-1*01,ELAGIGILTV,1,
78252,CASRLATLVGNEQFF,TRBV6-5*01,TRBJ2-1*01,TRBV6-5*01-CASRLATLVGNEQFF-TRBJ2-1*01,ELAGIGILTV,1,
78253,CASRSGSLNTEAFF,TRBV6-5*01,TRBJ1-1*01,TRBV6-5*01-CASRSGSLNTEAFF-TRBJ1-1*01,ELAGIGILTV,1,
78254,CASSLTTPPSTDTQYF,TRBV27*01,TRBJ2-3*01,TRBV27*01-CASSLTTPPSTDTQYF-TRBJ2-3*01,ELAGIGILTV,1,
78255,CASRQQGLGSPLHF,TRBV28*01,TRBJ1-6*01,TRBV28*01-CASRQQGLGSPLHF-TRBJ1-6*01,ELAGIGILTV,1,
78256,CASQSGFLSNSPLHF,TRBV19*01,TRBJ1-6*01,TRBV19*01-CASQSGFLSNSPLHF-TRBJ1-6*01,ELAGIGILTV,1,
78257,CASSYGDLYTGELFF,TRBV6-5*01,TRBJ2-2*01,TRBV6-5*01-CASSYGDLYTGELFF-TRBJ2-2*01,ELAGIGILTV,1,
78258,CASSLAGLADNEQFF,TRBV27*01,TRBJ2-1*01,TRBV27*01-CASSLAGLADNEQFF-TRBJ2-1*01,ELAGIGILTV,1,
78259,CASSLAWALQDEQYF,TRBV27*01,TRBJ2-7*01,TRBV27*01-CASSLAWALQDEQYF-TRBJ2-7*01,ELAGIGILTV,1,
78260,CAWSVQGLGYGYTF,TRBV30*01,TRBJ1-2*01,TRBV30*01-CAWSVQGLGYGYTF-TRBJ1-2*01,ELAGIGILTV,1,
78261,CASSATGADQPQHF,TRBV4-2*01,TRBJ1-5*01,TRBV4-2*01-CASSATGADQPQHF-TRBJ1-5*01,ELAGIGILTV,1,
78262,CASSDYSNQPQHF,TRBV2*01,TRBJ1-5*01,TRBV2*01-CASSDYSNQPQHF-TRBJ1-5*01,ELAGIGILTV,1,
78263,CSARAGNQPQHF,TRBV20-1*01,TRBJ1-5*01,TRBV20-1*01-CSARAGNQPQHF-TRBJ1-5*01,ELAGIGILTV,1,
78264,CSARAGAETQYF,TRBV20-1*01,TRBJ2-5*01,TRBV20-1*01-CSARAGAETQYF-TRBJ2-5*01,ELAGIGILTV,1,
78265,CASTPPGSETQYF,TRBV28*01,TRBJ2-5*01,TRBV28*01-CASTPPGSETQYF-TRBJ2-5*01,ELAGIGILTV,1,
78266,CASSENQLMNTEAFF,TRBV25-1*01,TRBJ1-1*01,TRBV25-1*01-CASSENQLMNTEAFF-TRBJ1-1*01,ELAGIGILTV,1,
78267,CATSDQGGTEDEQFF,TRBV24-1*01,TRBJ2-1*01,TRBV24-1*01-CATSDQGGTEDEQFF-TRBJ2-1*01,ELAGIGILTV,1,
78268,CAWSGGGGRVHEQYF,TRBV30*01,TRBJ2-7*01,TRBV30*01-CAWSGGGGRVHEQYF-TRBJ2-7*01,ELAGIGILTV,1,
78269,CAWSVPGLGQPQHF,TRBV30*01,TRBJ1-5*01,TRBV30*01-CAWSVPGLGQPQHF-TRBJ1-5*01,ELAGIGILTV,1,
78270,CASSLQGLGTEAFF,TRBV28*01,TRBJ1-1*01,TRBV28*01-CASSLQGLGTEAFF-TRBJ1-1*01,ELAGIGILTV,1,
78271,CASSQQGLGTEAFF,TRBV28*01,TRBJ1-1*01,TRBV28*01-CASSQQGLGTEAFF-TRBJ1-1*01,ELAGIGILTV,1,
78272,CASSVQGLGQPQHF,TRBV28*01,TRBJ1-5*01,TRBV28*01-CASSVQGLGQPQHF-TRBJ1-5*01,ELAGIGILTV,1,
78273,CATSDSRQINTGELFF,TRBV24-1*01,TRBJ2-2*01,TRBV24-1*01-CATSDSRQINTGELFF-TRBJ2-2*01,ELAGIGILTV,1,
78274,CASSEGMGQPQHF,TRBV6-5*01,TRBJ1-5*01,TRBV6-5*01-CASSEGMGQPQHF-TRBJ1-5*01,ELAGIGILTV,1,
78275,CASTYTSLAHNEQFF,TRBV6-1*01,TRBJ2-1*01,TRBV6-1*01-CASTYTSLAHNEQFF-TRBJ2-1*01,ELAGIGILTV,1,
78276,CASSPGVLANEQYF,TRBV6-5*01,TRBJ2-7*01,TRBV6-5*01-CASSPGVLANEQYF-TRBJ2-7*01,ELAGIGILTV,1,
78277,CATAPREDRVGNEAFF,TRBV3-1*01,TRBJ1-1*01,TRBV3-1*01-CATAPREDRVGNEAFF-TRBJ1-1*01,ELAGIGILTV,1,
78279,CAILGQGYGYTF,TRBV10-3*02,TRBJ1-2*01,TRBV10-3*02-CAILGQGYGYTF-TRBJ1-2*01,APRGPHGGAASGL,1,
78281,CASSQRQEGDTQYF,TRBV28*01,TRBJ2-3*01,TRBV28*01-CASSQRQEGDTQYF-TRBJ2-3*01,APRGPHGGAASGL,1,
78283,CASQTFSPGQTQF,TRBV6-1*01,TRBJ2-7*01,TRBV6-1*01-CASQTFSPGQTQF-TRBJ2-7*01,APRGPHGGAASGL,1,
78285,CASSGGHTGSNEQFF,TRBV9*01,TRBJ2-1*01,TRBV9*01-CASSGGHTGSNEQFF-TRBJ2-1*01,APRGPHGGAASGL,1,
78286,CASSYGGGPEAFF,TRBV6-1*01,TRBJ1-1*01,TRBV6-1*01-CASSYGGGPEAFF-TRBJ1-1*01,ELAGIGILTV,1,
78287,CASSFAANYEQYF,TRBV27*01,TRBJ2-7*01,TRBV27*01-CASSFAANYEQYF-TRBJ2-7*01,ELAGIGILTV,1,
78288,CASSFTGLGQPQHF,TRBV7-2*01,TRBJ1-5*01,TRBV7-2*01-CASSFTGLGQPQHF-TRBJ1-5*01,ELAGIGILTV,1,
78289,CASSLLPSGETQYF,TRBV27*01,TRBJ2-5*01,TRBV27*01-CASSLLPSGETQYF-TRBJ2-5*01,ELAGIGILTV,1,
78290,CASSLGPSVYEQYF,TRBV27*01,TRBJ2-7*01,TRBV27*01-CASSLGPSVYEQYF-TRBJ2-7*01,ELAGIGILTV,1,
78291,CASSQGVLAGEQFF,TRBV4-1*01,TRBJ2-1*01,TRBV4-1*01-CASSQGVLAGEQFF-TRBJ2-1*01,ELAGIGILTV,1,
78292,CASSYGHFGSYGYTF,TRBV6-1*01,TRBJ1-2*01,TRBV6-1*01-CASSYGHFGSYGYTF-TRBJ1-2*01,EAAGIGILTV,1,
78293,CASSLSTGFQETQYF,TRBV27*01,TRBJ2-5*01,TRBV27*01-CASSLSTGFQETQYF-TRBJ2-5*01,EAAGIGILTV,1,
78294,CASSITPLGGDGYTF,TRBV27*01,TRBJ1-2*01,TRBV27*01-CASSITPLGGDGYTF-TRBJ1-2*01,EAAGIGILTV,1,
78295,CASSYGAQGSYGYTF,TRBV6-1*01,TRBJ1-2*01,TRBV6-1*01-CASSYGAQGSYGYTF-TRBJ1-2*01,EAAGIGILTV,1,
78296,CASSDDRGFDTGELFF,TRBV19*01,TRBJ2-2*01,TRBV19*01-CASSDDRGFDTGELFF-TRBJ2-2*01,EAAGIGILTV,1,
78297,CASSSFLMTGLNEQFF,TRBV6-1*01,TRBJ2-1*01,TRBV6-1*01-CASSSFLMTGLNEQFF-TRBJ2-1*01,EAAGIGILTV,1,
78298,CASSGLGSGQPYEQYF,TRBV5-1*01,TRBJ2-7*01,TRBV5-1*01-CASSGLGSGQPYEQYF-TRBJ2-7*01,EAAGIGILTV,1,
78299,CASSQDELAASTDTQYF,TRBV4-1*01,TRBJ2-3*01,TRBV4-1*01-CASSQDELAASTDTQYF-TRBJ2-3*01,EAAGIGILTV,1,
78300,CASSVGQSQPQHF,TRBV27*01,TRBJ1-5*01,TRBV27*01-CASSVGQSQPQHF-TRBJ1-5*01,ELAGIGILTV,1,
78301,CASSSTGVGQPQHF,TRBV14*01,TRBJ1-5*01,TRBV14*01-CASSSTGVGQPQHF-TRBJ1-5*01,ELAGIGILTV,1,
78302,CASSMTGLGQPQHF,TRBV19*01,TRBJ1-5*01,TRBV19*01-CASSMTGLGQPQHF-TRBJ1-5*01,ELAGIGILTV,1,
78303,CSASVPGLGQPQHF,TRBV20-1*01,TRBJ1-5*01,TRBV20-1*01-CSASVPGLGQPQHF-TRBJ1-5*01,ELAGIGILTV,1,
78304,CASSFQGLGQPQHF,TRBV28*01,TRBJ1-5*01,TRBV28*01-CASSFQGLGQPQHF-TRBJ1-5*01,ELAGIGILTV,1,
78305,CASSQQGLGQPQHF,TRBV28*01,TRBJ1-5*01,TRBV28*01-CASSQQGLGQPQHF-TRBJ1-5*01,ELAGIGILTV,1,
78306,CASSLQGLGQPQHF,TRBV28*01,TRBJ1-5*01,TRBV28*01-CASSLQGLGQPQHF-TRBJ1-5*01,EAAGIGILTV,1,
78307,CASSIQGALGQPQHF,TRBV2*01,TRBJ1-1*01,TRBV2*01-CASSIQGALGQPQHF-TRBJ1-1*01,EAAGIGILTV,1,
78308,CASSFTGTFSYEQYF,TRBV28*01,TRBJ2-7*01,TRBV28*01-CASSFTGTFSYEQYF-TRBJ2-7*01,EAAGIGILTV,1,
78309,CASSLDAASVHYEQFF,TRBV11-1*01,TRBJ2-1*01,TRBV11-1*01-CASSLDAASVHYEQFF-TRBJ2-1*01,EAAGIGILTV,1,
78310,CASSFGEGLVYNEQFF,TRBV28*01,TRBJ2-1*01,TRBV28*01-CASSFGEGLVYNEQFF-TRBJ2-1*01,ELAGIGILTV,1,
78311,CASRDPGGGGYEKLFF,TRBV28*01,TRBJ1-4*01,TRBV28*01-CASRDPGGGGYEKLFF-TRBJ1-4*01,ELAGIGILTV,1,
78312,CASSQEALGGRVDTQYF,TRBV4-1*01,TRBJ2-3*01,TRBV4-1*01-CASSQEALGGRVDTQYF-TRBJ2-3*01,ELAGIGILTV,1,
78313,CASPATGSNQPQHF,TRBV4-1*01,TRBJ1-5*01,TRBV4-1*01-CASPATGSNQPQHF-TRBJ1-5*01,ELAGIGILTV,1,
78314,CASSDSTASSEQFF,TRBV27*01,TRBJ2-1*01,TRBV27*01-CASSDSTASSEQFF-TRBJ2-1*01,ELAGIGILTV,1,
78315,CASSPSQGGNTEAFF,TRBV27*01,TRBJ1-1*01,TRBV27*01-CASSPSQGGNTEAFF-TRBJ1-1*01,ELAGIGILTV,1,
78316,CASSFSSGSPHEQFF,TRBV27*01,TRBJ2-1*01,TRBV27*01-CASSFSSGSPHEQFF-TRBJ2-1*01,ELAGIGILTV,1,
78317,CASSSSGTSGVYEQYF,TRBV28*01,TRBJ2-7*01,TRBV28*01-CASSSSGTSGVYEQYF-TRBJ2-7*01,ELAGIGILTV,1,
78318,CASSSTSGAQGDTQYF,TRBV27*01,TRBJ2-3*01,TRBV27*01-CASSSTSGAQGDTQYF-TRBJ2-3*01,ELAGIGILTV,1,
78319,CASSFGGLGTEAFF,TRBV28*01,TRBJ1-1*01,TRBV28*01-CASSFGGLGTEAFF-TRBJ1-1*01,ELAGIGILTV,1,
78320,CASSLSSLIVDTQYF,TRBV27*01,TRBJ2-3*01,TRBV27*01-CASSLSSLIVDTQYF-TRBJ2-3*01,ELAGIGILTV,1,
78321,CASSPGTLSDTQYF,TRBV4-1*01,TRBJ2-3*01,TRBV4-1*01-CASSPGTLSDTQYF-TRBJ2-3*01,ELAGIGILTV,1,
78322,CASSQDRGGAETQYF,TRBV4-1*01,TRBJ2-5*01,TRBV4-1*01-CASSQDRGGAETQYF-TRBJ2-5*01,ELAGIGILTV,1,
78323,CRPGPLAGYGYTF,TRBV20-1*01,TRBJ1-2*01,TRBV20-1*01-CRPGPLAGYGYTF-TRBJ1-2*01,ELAGIGILTV,1,
78324,CSARDGLGELFF,TRBV20-1*01,TRBJ2-2*01,TRBV20-1*01-CSARDGLGELFF-TRBJ2-2*01,ELAGIGILTV,1,
78325,CSARAGVGGDTQYF,TRBV20-1*01,TRBJ2-3*01,TRBV20-1*01-CSARAGVGGDTQYF-TRBJ2-3*01,ELAGIGILTV,1,
78326,CSARDGLGELFF,TRBV20-1*01,TRBJ2-2*01,TRBV20-1*01-CSARDGLGELFF-TRBJ2-2*01,ELAGIGILTV,1,
78327,CSAPRAGVGQPQHF,TRBV20-1*01,TRBJ1-5*01,TRBV20-1*01-CSAPRAGVGQPQHF-TRBJ1-5*01,ELAGIGILTV,1,
78328,CASSGQGVGNEQFF,TRBV7-2*01,TRBJ2-1*01,TRBV7-2*01-CASSGQGVGNEQFF-TRBJ2-1*01,ELAGIGILTV,1,
78329,CASSRSPDTQYF,TRBV14*01,TRBJ2-3*01,TRBV14*01-CASSRSPDTQYF-TRBJ2-3*01,ELAGIGILTV,1,
78330,CASRMIGYEQYF,TRBV3-1*01,TRBJ2-7*01,TRBV3-1*01-CASRMIGYEQYF-TRBJ2-7*01,ELAGIGILTV,1,
78331,CASSDPTSPNEQFF,TRBV6-4*01,TRBJ2-1*01,TRBV6-4*01-CASSDPTSPNEQFF-TRBJ2-1*01,ELAGIGILTV,1,
78332,CASALPGPITGSEAFF,TRBV2*01,TRBJ1-1*01,TRBV2*01-CASALPGPITGSEAFF-TRBJ1-1*01,ELAGIGILTV,1,
78333,CASSTRDRGYEQYF,TRBV19*01,TRBJ2-7*01,TRBV19*01-CASSTRDRGYEQYF-TRBJ2-7*01,ELAGIGILTV,1,
78334,CASSQEGGAFVDTQYF,TRBV14*01,TRBJ2-3*01,TRBV14*01-CASSQEGGAFVDTQYF-TRBJ2-3*01,ELAGIGILTV,1,
78335,CASSLGAGIVETQYF,TRBV14*01,TRBJ2-5*01,TRBV14*01-CASSLGAGIVETQYF-TRBJ2-5*01,ELAGIGILTV,1,
78336,CASSLLGGSTDTQYF,TRBV14*01,TRBJ2-3*01,TRBV14*01-CASSLLGGSTDTQYF-TRBJ2-3*01,ELAGIGILTV,1,
78337,CASASAQLGNTIYF,TRBV2*01,TRBJ1-3*01,TRBV2*01-CASASAQLGNTIYF-TRBJ1-3*01,ELAGIGILTV,1,
78338,CASSLLGPGQPQHF,TRBV3-1*01,TRBJ1-5*01,TRBV3-1*01-CASSLLGPGQPQHF-TRBJ1-5*01,ELAGIGILTV,1,
78339,CASSRSPDTQYF,TRBV9*01,TRBJ2-3*01,TRBV9*01-CASSRSPDTQYF-TRBJ2-3*01,ELAGIGILTV,1,
78340,CASSPLSSVRLF,TRBV7-2*01,TRBJ2-1*01,TRBV7-2*01-CASSPLSSVRLF-TRBJ2-1*01,ELAGIGILTV,1,
78341,CASSERAGELFF,TRBV2*01,TRBJ2-2*01,TRBV2*01-CASSERAGELFF-TRBJ2-2*01,ELAGIGILTV,1,
78342,CSARDREDEKLFF,TRBV20-1*01,TRBJ1-4*01,TRBV20-1*01-CSARDREDEKLFF-TRBJ1-4*01,ELAGIGILTV,1,
78343,CASSFGGSQPQHF,TRBV27*01,TRBJ1-5*01,TRBV27*01-CASSFGGSQPQHF-TRBJ1-5*01,ELAGIGILTV,1,
78344,CASTLGQGQPQHF,TRBV3-1*01,TRBJ1-5*01,TRBV3-1*01-CASTLGQGQPQHF-TRBJ1-5*01,ELAGIGILTV,1,
78345,CASSYSTGDGVHF,TRBV6-1*01,TRBJ1-6*01,TRBV6-1*01-CASSYSTGDGVHF-TRBJ1-6*01,ELAGIGILTV,1,
78346,CATSVSANTGELFF,TRBV24-1*01,TRBJ2-2*01,TRBV24-1*01-CATSVSANTGELFF-TRBJ2-2*01,ELAGIGILTV,1,
78347,CASSQEAGGETQYF,TRBV4-1*01,TRBJ2-5*01,TRBV4-1*01-CASSQEAGGETQYF-TRBJ2-5*01,ELAGIGILTV,1,
78348,CASSLMASFETQYF,TRBV27*01,TRBJ2-5*01,TRBV27*01-CASSLMASFETQYF-TRBJ2-5*01,ELAGIGILTV,1,
78349,CASRGLAGAGEQYF,TRBV3-1*01,TRBJ2-7*01,TRBV3-1*01-CASRGLAGAGEQYF-TRBJ2-7*01,ELAGIGILTV,1,
78350,CASSYLGSGNEQFF,TRBV6-1*01,TRBJ2-1*01,TRBV6-1*01-CASSYLGSGNEQFF-TRBJ2-1*01,ELAGIGILTV,1,
78351,CASSPGLAYYEQYF,TRBV3-1*01,TRBJ2-7*01,TRBV3-1*01-CASSPGLAYYEQYF-TRBJ2-7*01,ELAGIGILTV,1,
78352,CASTPGPRDSPLHF,TRBV2*01,TRBJ1-6*01,TRBV2*01-CASTPGPRDSPLHF-TRBJ1-6*01,ELAGIGILTV,1,
78353,CASSLLQGSDTQYF,TRBV27*01,TRBJ2-3*01,TRBV27*01-CASSLLQGSDTQYF-TRBJ2-3*01,ELAGIGILTV,1,
78354,CASSRGQGIDTQYF,TRBV7-2*01,TRBJ2-3*01,TRBV7-2*01-CASSRGQGIDTQYF-TRBJ2-3*01,ELAGIGILTV,1,
78355,CASSPEQGGQPQHF,TRBV4-1*01,TRBJ1-5*01,TRBV4-1*01-CASSPEQGGQPQHF-TRBJ1-5*01,ELAGIGILTV,1,
78356,CASSYDTLGTEAFF,TRBV6-1*01,TRBJ1-1*01,TRBV6-1*01-CASSYDTLGTEAFF-TRBJ1-1*01,ELAGIGILTV,1,
78357,CSASSGGAGVDTQYF,TRBV20-1*01,TRBJ2-3*01,TRBV20-1*01-CSASSGGAGVDTQYF-TRBJ2-3*01,ELAGIGILTV,1,
78358,CASSVGGGNTGELFF,TRBV6-1*01,TRBJ2-2*01,TRBV6-1*01-CASSVGGGNTGELFF-TRBJ2-2*01,ELAGIGILTV,1,
78359,CASRLPGLSLNEQYF,TRBV6-1*01,TRBJ2-7*01,TRBV6-1*01-CASRLPGLSLNEQYF-TRBJ2-7*01,ELAGIGILTV,1,
78360,CASSQESLAGNEQFF,TRBV4-1*01,TRBJ2-1*01,TRBV4-1*01-CASSQESLAGNEQFF-TRBJ2-1*01,ELAGIGILTV,1,
78361,CASSQVGMTTGELFF,TRBV3-1*01,TRBJ2-2*01,TRBV3-1*01-CASSQVGMTTGELFF-TRBJ2-2*01,ELAGIGILTV,1,
78362,CASSLMTAVYNSPLHF,TRBV12-3*01,TRBJ1-6*01,TRBV12-3*01-CASSLMTAVYNSPLHF-TRBJ1-6*01,ELAGIGILTV,1,
78363,CSARDQLGLNTGELFF,TRBV20-1*01,TRBJ2-2*01,TRBV20-1*01-CSARDQLGLNTGELFF-TRBJ2-2*01,ELAGIGILTV,1,
78364,CASSQIQGAVAGELFF,TRBV4-1*01,TRBJ2-2*01,TRBV4-1*01-CASSQIQGAVAGELFF-TRBJ2-2*01,ELAGIGILTV,1,
78365,CAISESQVGVANTEAFF,TRBV10-3*01,TRBJ1-1*01,TRBV10-3*01-CAISESQVGVANTEAFF-TRBJ1-1*01,ELAGIGILTV,1,
78366,CASSSAGGPHLRDEQFF,TRBV13*01,TRBJ2-1*01,TRBV13*01-CASSSAGGPHLRDEQFF-TRBJ2-1*01,ELAGIGILTV,1,
78367,CASSPQRTSGRADEQFF,TRBV11-1*01,TRBJ2-1*01,TRBV11-1*01-CASSPQRTSGRADEQFF-TRBJ2-1*01,ELAGIGILTV,1,
78368,CASSLSGVTGVASYGYTF,TRBV27*01,TRBJ1-2*01,TRBV27*01-CASSLSGVTGVASYGYTF-TRBJ1-2*01,ELAGIGILTV,1,
78369,CATSRAPGLAVTDTQTF,TRBV15*01,TRBJ2-3*01,TRBV15*01-CATSRAPGLAVTDTQTF-TRBJ2-3*01,ELAGIGILTV,1,
78370,CASSFAALPGETEAFF,TRBV5-1*01,TRBJ1-1*01,TRBV5-1*01-CASSFAALPGETEAFF-TRBJ1-1*01,ELAGIGILTV,1,
78371,CASSQAHGLFSYEQYF,TRBV3-1*01,TRBJ2-7*01,TRBV3-1*01-CASSQAHGLFSYEQYF-TRBJ2-7*01,ELAGIGILTV,1,
78373,CASSLGRYNEQFF,TRBV13*01,TRBJ2-1*01,TRBV13*01-CASSLGRYNEQFF-TRBJ2-1*01,YLEPGPVTA,1,
78375,CASSLGSSYEQYF,TRBV14*01,TRBJ2-7*01,TRBV14*01-CASSLGSSYEQYF-TRBJ2-7*01,YLEPGPVTA,1,
78377,CASSFIGGTDTQYF,TRBV7-3*01,TRBJ2-3*01,TRBV7-3*01-CASSFIGGTDTQYF-TRBJ2-3*01,YLEPGPVTA,1,
78379,CASSIGGPYEQYF,TRBV19*01,TRBJ2-7*01,TRBV19*01-CASSIGGPYEQYF-TRBJ2-7*01,YLEPGPVTA,1,
78380,CASSLRGNEQFF,TRBV11-3*01,TRBJ2-1*01,TRBV11-3*01-CASSLRGNEQFF-TRBJ2-1*01,YLAMPFATPMEAELARRSLA,1,
78381,CASSLVGTNIQYF,TRBV5-8*01,TRBJ2-4*01,TRBV5-8*01-CASSLVGTNIQYF-TRBJ2-4*01,YLAMPFATPMEAELARRSLA,1,
78383,CASSYVGNTGELFF,TRBV6-5*01,TRBJ2-2*01,TRBV6-5*01-CASSYVGNTGELFF-TRBJ2-2*01,SLLMWITQC,1,
78385,CASSLSFGTEAFF,TRBV6-4*01,TRBJ1-1*01,TRBV6-4*01-CASSLSFGTEAFF-TRBJ1-1*01,AAGIGILTV,1,
78387,CAISEVGVGQPQHF,TRBV10-3*01,TRBJ1-5*01,TRBV10-3*01-CAISEVGVGQPQHF-TRBJ1-5*01,AAGIGILTV,1,
78393,CASSYVGNTGELFF,TRBV6-5*01,TRBJ2-2*01,TRBV6-5*01-CASSYVGNTGELFF-TRBJ2-2*01,SLLMWITQC,1,
78395,CASSLSFGTEAFF,TRBV6-4*01,TRBJ1-1*01,TRBV6-4*01-CASSLSFGTEAFF-TRBJ1-1*01,AAGIGILTV,1,
78397,CASSFNMATGQYF,TRBV5-1*01,TRBJ2-7*01,TRBV5-1*01-CASSFNMATGQYF-TRBJ2-7*01,EVDPIGHLY,1,
80551,CASSVGGGVTDTQYF,TRBV9*01,TRBJ2-3*01,TRBV9*01-CASSVGGGVTDTQYF-TRBJ2-3*01,MVNTVAGAMK,1,
80553,CASSEGLWQVGDEQYF,TRBV6-1*01,TRBJ2-7*01,TRBV6-1*01-CASSEGLWQVGDEQYF-TRBJ2-7*01,HMTEVVRHC,1,
80555,CASSLDPGDTGELFF,TRBV11-2*01,TRBJ2-2*01,TRBV11-2*01-CASSLDPGDTGELFF-TRBJ2-2*01,HMTEVVRHC,1,
80557,CAISELVTGDSPLHF,TRBV10-3*01,TRBJ1-6*01,TRBV10-3*01-CAISELVTGDSPLHF-TRBJ1-6*01,HMTEVVRHC,1,
80559,CASSIQQGADTQYF,TRBV27*01,TRBJ2-3*01,TRBV27*01-CASSIQQGADTQYF-TRBJ2-3*01,HMTEVVRHC,1,
80561,CASRLQGWNSPLHF,TRBV6-2*01,TRBJ1-6*01,TRBV6-2*01-CASRLQGWNSPLHF-TRBJ1-6*01,VVRHCPHHERCSDSD,1,
80563,CASSYSQAWGQPQHF,TRBV6-2*01,TRBJ1-5*01,TRBV6-2*01-CASSYSQAWGQPQHF-TRBJ1-5*01,RNTFRHSVVVPCE,1,
80565,CASSISAGGDGYTF,TRBV19*01,TRBJ1-2*01,TRBV19*01-CASSISAGGDGYTF-TRBJ1-2*01,HYNYMCNSSCMGSMN,1,
80567,CASSLVNTEAFF,TRBV11-2*01,TRBJ1-1*01,TRBV11-2*01-CASSLVNTEAFF-TRBJ1-1*01,HYNYMCNSSCMGSMN,1,
80569,CASNLGGGSTDTQYF,TRBV11-2*01,TRBJ2-3*01,TRBV11-2*01-CASNLGGGSTDTQYF-TRBJ2-3*01,SSCMGGMNWR,1,
80571,CASSFGSGSTDTQYF,TRBV7-8*01,TRBJ2-3*01,TRBV7-8*01-CASSFGSGSTDTQYF-TRBJ2-3*01,SSCMGGMNWR,1,
80573,CASSLGTGSTDTQYF,TRBV11-2*01,TRBJ2-3*01,TRBV11-2*01-CASSLGTGSTDTQYF-TRBJ2-3*01,SSCMGGMNWR,1,
80575,CASSSRDYEQYF,TRBV19*01,TRBJ2-7*01,TRBV19*01-CASSSRDYEQYF-TRBJ2-7*01,SCMGGMNWRPILTII,1,
80577,CASSLGDRGNEKLFF,TRBV2*01,TRBJ1-4*01,TRBV2*01-CASSLGDRGNEKLFF-TRBJ1-4*01,NSKEETGHLENGN,1,
80578,CASSKGPGGNYEQYF,TRBV5-6*01,TRBJ2-7*01,TRBV5-6*01-CASSKGPGGNYEQYF-TRBJ2-7*01,NSKEETGHLENGN,1,
80580,CASSSPRSSRDTDTQYF,TRBV13*01,TRBJ2-3*01,TRBV13*01-CASSSPRSSRDTDTQYF-TRBJ2-3*01,VLLGVKLFGV,1,
80582,CASSLDRKAFF,TRBV5-6*01,TRBJ1-1*01,TRBV5-6*01-CASSLDRKAFF-TRBJ1-1*01,TLWCSPIKV,1,
80584,CASRAVINTDTQYF,TRBV12-3*01,TRBJ2-3*01,TRBV12-3*01-CASRAVINTDTQYF-TRBJ2-3*01,APARLERRHSA,1,
80586,CASSPGPNQPQHF,TRBV14*01,TRBJ1-5*01,TRBV14*01-CASSPGPNQPQHF-TRBJ1-5*01,YHSIEWA,1,
80588,CASSPGPNQPQHF,TRBV14*01,TRBJ1-5*01,TRBV14*01-CASSPGPNQPQHF-TRBJ1-5*01,YHSIEWA,1,
80590,CASTPTGNTEAFF,TRBV6-1*01,TRBJ1-1*01,TRBV6-1*01-CASTPTGNTEAFF-TRBJ1-1*01,YHSIEWA,1,
80592,CASSLDFSRQETQYF,TRBV7-2*01,TRBJ2-5*01,TRBV7-2*01-CASSLDFSRQETQYF-TRBJ2-5*01,WLIRETQPITK,1,
80594,CASSLYLASNTGELFF,TRBV27*01,TRBJ2-2*01,TRBV27*01-CASSLYLASNTGELFF-TRBJ2-2*01,WLIRETQPITK,1,
80596,CASSDRNTNYGYTF,TRBV6-1*01,TRBJ1-2*01,TRBV6-1*01-CASSDRNTNYGYTF-TRBJ1-2*01,GLLDEDFYA,1,
80598,CASSMRVQSNTGELFF,TRBV19*01,TRBJ2-2*01,TRBV19*01-CASSMRVQSNTGELFF-TRBJ2-2*01,GLLDEDFYA,1,
80600,CASSPGREQYF,TRBV4-2*01,TRBJ2-7*01,TRBV4-2*01-CASSPGREQYF-TRBJ2-7*01,HQNPVTGLLL,1,
80602,CASRDGRVHQPQHF,TRBV2*01,TRBJ1-5*01,TRBV2*01-CASRDGRVHQPQHF-TRBJ1-5*01,APARLERRHSA,1,
80604,CASSLSWGSSYNEQFF,TRBV27*01,TRBJ2-1*01,TRBV27*01-CASSLSWGSSYNEQFF-TRBJ2-1*01,RVSTLRVSL,1,
80606,CASRDHRVIYGYTF,TRBV6-5*01,TRBJ1-2*01,TRBV6-5*01-CASRDHRVIYGYTF-TRBJ1-2*01,SYMIMEIE,1,
80608,CASSRSTGGSGNTIYF,TRBV4-3*01,TRBJ1-3*01,TRBV4-3*01-CASSRSTGGSGNTIYF-TRBJ1-3*01,GEEDGAGGHSL,1,
80610,CASSQAGGTGELFF,TRBV4-1*01,TRBJ2-2*01,TRBV4-1*01-CASSQAGGTGELFF-TRBJ2-2*01,GEEDGAGGHSL,1,
80612,CASSSTGADSHEQFF,TRBV11-2*01,TRBJ2-1*01,TRBV11-2*01-CASSSTGADSHEQFF-TRBJ2-1*01,RHDLPPYRVYL,1,
80614,CASSLLKAANYGYTF,TRBV5-5*01,TRBJ1-2*01,TRBV5-5*01-CASSLLKAANYGYTF-TRBJ1-2*01,APARLERRHSA,1,
80616,CASSASTGRNQPQHF,TRBV4-1*01,TRBJ1-5*01,TRBV4-1*01-CASSASTGRNQPQHF-TRBJ1-5*01,DPPALASTNAEVT,1,
80618,CASSLARRQYGYTF,TRBV7-9*01,TRBJ1-2*01,TRBV7-9*01-CASSLARRQYGYTF-TRBJ1-2*01,DPPALASTNAEVT,1,
80620,CASSSQGFYNIQYF,TRBV7-9*01,TRBJ2-4*01,TRBV7-9*01-CASSSQGFYNIQYF-TRBJ2-4*01,DPPALASTNAEVT,1,
80622,CASSPGSPSSYEQYF,TRBV18*01,TRBJ2-7*01,TRBV18*01-CASSPGSPSSYEQYF-TRBJ2-7*01,DPPALASTNAEVT,1,
80624,CASSIRNYSNQPQHF,TRBV19*01,TRBJ1-5*01,TRBV19*01-CASSIRNYSNQPQHF-TRBJ1-5*01,DPPALASTNAEVT,1,
80626,CASSLRTGQNTEAFF,TRBV19*01,TRBJ1-1*01,TRBV19*01-CASSLRTGQNTEAFF-TRBJ1-1*01,DPPALASTNAEVT,1,
80628,CASSGGTPYNSPLHF,TRBV5-1*01,TRBJ1-6*01,TRBV5-1*01-CASSGGTPYNSPLHF-TRBJ1-6*01,DPPALASTNAEVT,1,
80630,CASRPWTGANEKLFF,TRBV6-5*01,TRBJ1-4*01,TRBV6-5*01-CASRPWTGANEKLFF-TRBJ1-4*01,MPYGYVLNEF,1,
80631,CASSLDREDEQYF,TRBV28*01,TRBJ2-7*01,TRBV28*01-CASSLDREDEQYF-TRBJ2-7*01,TYDTVHRHL,1,
80633,CASTPQVNYGYTF,TRBV28*01,TRBJ1-2*01,TRBV28*01-CASTPQVNYGYTF-TRBJ1-2*01,GYNSYSVSNSEKHIM,1,
80635,CASTLQANYGYTF,TRBV28*01,TRBJ1-2*01,TRBV28*01-CASTLQANYGYTF-TRBJ1-2*01,GYNSYSVSNSEKHIM,1,
80637,CAWSALAGARDTQYF,TRBV30*01,TRBJ2-3*01,TRBV30*01-CAWSALAGARDTQYF-TRBJ2-3*01,GAVGVGKSAL,1,
80639,CASSLGLPGTDTQYF,TRBV12-4*01,TRBJ2-3*01,TRBV12-4*01-CASSLGLPGTDTQYF-TRBJ2-3*01,GAVGVGKSAL,1,
80641,CSAPPLAGDETQYF,TRBV20-1*01,TRBJ2-5*01,TRBV20-1*01-CSAPPLAGDETQYF-TRBJ2-5*01,YVMAYVMAGVGS,1,
80645,CASTTGTSGQNTGELFF,TRBV19*01,TRBJ2-2*01,TRBV19*01-CASTTGTSGQNTGELFF-TRBJ2-2*01,KALARALKEGRIR,1,
80647,CASSANRGPDTEAFF,TRBV12-4*01,TRBJ1-1*01,TRBV12-4*01-CASSANRGPDTEAFF-TRBJ1-1*01,FGDVGSTLF,1,
80648,CASSVGNGASTDTQYF,TRBV9*01,TRBJ2-3*01,TRBV9*01-CASSVGNGASTDTQYF-TRBJ2-3*01,FRNEGIHL,1,
80650,CASTAGLLGSSYNEQFF,TRBV12-3*01,TRBJ2-1*01,TRBV12-3*01-CASTAGLLGSSYNEQFF-TRBJ2-1*01,NHVVDISKSGLITIA,1,
80652,CASITKDRAYEQYF,TRBV28*01,TRBJ2-1*01,TRBV28*01-CASITKDRAYEQYF-TRBJ2-1*01,ELLVRINRL,1,
80653,CASSLYRGKETQYF,TRBV11-2*01,TRBJ2-5*01,TRBV11-2*01-CASSLYRGKETQYF-TRBJ2-5*01,RILLVAASY,1,
80654,CASRTDRFLGAFF,TRBV6-5*01,TRBJ1-1*01,TRBV6-5*01-CASRTDRFLGAFF-TRBJ1-1*01,YLSFYTAEQL,1,
80656,CAWSAASGGAQDTQYF,TRBV30*01,TRBJ2-3*01,TRBV30*01-CAWSAASGGAQDTQYF-TRBJ2-3*01,MLFSHGLVK,1,
80658,CASSPGTVKETQYF,TRBV5-1*01,TRBJ2-5*01,TRBV5-1*01-CASSPGTVKETQYF-TRBJ2-5*01,EMLFSHGLVK,1,
80660,CASSQEFVGAVLDTQYF,TRBV14*01,TRBJ2-3*01,TRBV14*01-CASSQEFVGAVLDTQYF-TRBJ2-3*01,TLREIRRYQK,1,
80661,CASSPVYGVAYEQYF,TRBV7-9*01,TRBJ2-7*01,TRBV7-9*01-CASSPVYGVAYEQYF-TRBJ2-7*01,RLLQCTQQAV,1,
80662,CASSQDRGIGYGYTF,TRBV3-1*01,TRBJ1-2*01,TRBV3-1*01-CASSQDRGIGYGYTF-TRBJ1-2*01,LLQCTQQAV,1,
80663,CASSPRPLEGLYGYTF,TRBV6-1*01,TRBJ1-2*01,TRBV6-1*01-CASSPRPLEGLYGYTF-TRBJ1-2*01,YLSHLPLTCKF,1,
80664,CASSDLPGAPTDTQYF,TRBV6-4*01,TRBJ2-3*01,TRBV6-4*01-CASSDLPGAPTDTQYF-TRBJ2-3*01,ILCETCLIV,1,
80665,CASSLAGSKLYEQYF,TRBV11-2*01,TRBJ2-7*01,TRBV11-2*01-CASSLAGSKLYEQYF-TRBJ2-7*01,EHEGSGPEL,1,
80667,CASSVERENTGELFF,TRBV28*01,TRBJ2-2*01,TRBV28*01-CASSVERENTGELFF-TRBJ2-2*01,WSYDSTLLAY,1,
80669,CASNEGNSGNTIYF,TRBV28*01,TRBJ1-3*01,TRBV28*01-CASNEGNSGNTIYF-TRBJ1-3*01,GDFGLATEKSRWSGS,1,
80671,CASGARQIPYTF,TRBV28*01,TRBJ1-2*01,TRBV28*01-CASGARQIPYTF-TRBJ1-2*01,GDFGLATEKSRWSGS,1,
80673,CASSLSAAGGGYGYTF,TRBV28*01,TRBJ1-2*01,TRBV28*01-CASSLSAAGGGYGYTF-TRBJ1-2*01,GDFGLATEKSRWSGS,1,
80774,CASSLGTGGTGELFF,TRBV7-8*01,TRBJ2-2*01,TRBV7-8*01-CASSLGTGGTGELFF-TRBJ2-2*01,DFHFEVFNFVPCSI,1,
80776,CSVQGGLDSNYGYTF,TRBV29-1*01,TRBJ1-2*01,TRBV29-1*01-CSVQGGLDSNYGYTF-TRBJ1-2*01,DFHFEVFNFVPCSI,1,
80778,CASSLGTGGTGELFF,TRBV7-8*01,TRBJ2-2*01,TRBV7-8*01-CASSLGTGGTGELFF-TRBJ2-2*01,DFHFEVFNFVPCSI,1,
80780,CASSLNTGAGYGYTF,TRBV5-1*01,TRBJ1-2*01,TRBV5-1*01-CASSLNTGAGYGYTF-TRBJ1-2*01,DFHFEVFNFVPCSI,1,
80782,CASSLGTGGTGELFF,TRBV7-8*01,TRBJ2-2*01,TRBV7-8*01-CASSLGTGGTGELFF-TRBJ2-2*01,DFHFEVFNFVPCSI,1,
80784,CASSLPSGGAPGTGELFF,TRBV2*01,TRBJ2-2*01,TRBV2*01-CASSLPSGGAPGTGELFF-TRBJ2-2*01,DFHFEVFNFVPCSI,1,
80786,CSVQGGLDSNYGYTF,TRBV29-1*01,TRBJ1-2*01,TRBV29-1*01-CSVQGGLDSNYGYTF-TRBJ1-2*01,DFHFEVFNFVPCSI,1,
80788,CASSIATTNTGELFF,TRBV19*01,TRBJ2-2*01,TRBV19*01-CASSIATTNTGELFF-TRBJ2-2*01,FNNFTVSFWLRVPKVSASHLE,1,
80790,CASSLETGTNYEQYF,TRBV11-3*01,TRBJ2-7*01,TRBV11-3*01-CASSLETGTNYEQYF-TRBJ2-7*01,FNNFTVSFWLRVPKVSASHLE,1,
80792,CASSLDIGNNEQFF,TRBV7-9*01,TRBJ2-1*01,TRBV7-9*01-CASSLDIGNNEQFF-TRBJ2-1*01,FNNFTVSFWLRVPKVSASHLE,1,
80794,CASSIATTNTGELFF,TRBV19*01,TRBJ2-2*01,TRBV19*01-CASSIATTNTGELFF-TRBJ2-2*01,FNNFTVSFWLRVPKVSASHLE,1,
80796,CASSVAGGGQETQYF,TRBV9*01,TRBJ2-5*01,TRBV9*01-CASSVAGGGQETQYF-TRBJ2-5*01,VVVGAVGVGK,1,
80798,CASSLSFRQGLREQYF,TRBV28*01,TRBJ2-7*01,TRBV28*01-CASSLSFRQGLREQYF-TRBJ2-7*01,VVVGAVGVGK,1,
80800,CASKVYGYTF,TRBV7-2*01,TRBJ1-2*01,TRBV7-2*01-CASKVYGYTF-TRBJ1-2*01,GARGVGKSAL,1,
80802,CSVESGQDYGYTF,TRBV29-1*01,TRBJ1-2*01,TRBV29-1*01-CSVESGQDYGYTF-TRBJ1-2*01,MTEYKLVVVGAVGVGKSALTIQLI,1,
80804,CSASRGATGQPQHF,TRBV20-1*01,TRBJ1-5*01,TRBV20-1*01-CSASRGATGQPQHF-TRBJ1-5*01,MTEYKLVVVGAVGVGKSALTIQLI,1,
80806,CASSLAAGGYFNEQFF,TRBV5-1*01,TRBJ2-1*01,TRBV5-1*01-CASSLAAGGYFNEQFF-TRBJ2-1*01,VVVGADGVGK,1,
80808,CASSQDVTSEWVDTIYF,TRBV4-3*01,TRBJ1-3*01,TRBV4-3*01-CASSQDVTSEWVDTIYF-TRBJ1-3*01,AVGVGKSAL,1,
80810,CASSQEDNEQFF,TRBV4-3*01,TRBJ2-1*01,TRBV4-3*01-CASSQEDNEQFF-TRBJ2-1*01,AVGVGKSAL,1,
80812,CASRLGNTGELFF,TRBV28*01,TRBJ2-2*01,TRBV28*01-CASRLGNTGELFF-TRBJ2-2*01,MTEYKLVVVGAGDVGKSALTIQLI,1,
80814,CASRQGNTGELFF,TRBV28*01,TRBJ2-2*01,TRBV28*01-CASRQGNTGELFF-TRBJ2-2*01,MTEYKLVVVGAGDVGKSALTIQLI,1,
80816,CASSLTSGGFDEQFF,TRBV5-1*01,TRBJ2-1*01,TRBV5-1*01-CASSLTSGGFDEQFF-TRBJ2-1*01,VVGAVGVGK,1,
80818,CSAREGAGGMGTQYF,TRBV20-1*01,TRBJ2-3*01,TRBV20-1*01-CSAREGAGGMGTQYF-TRBJ2-3*01,MTEYKLVVVGAVGVGKSALTIQLI,1,
80820,CSASNRLAVNEQFF,TRBV20-1*01,TRBJ2-1*01,TRBV20-1*01-CSASNRLAVNEQFF-TRBJ2-1*01,MTEYKLVVVGARGVGKSALTIQLI,1,
80822,CASSNQLVTGGYGYTF,TRBV19*02,TRBJ1-2*01,TRBV19*02-CASSNQLVTGGYGYTF-TRBJ1-2*01,MTEYKLVVVGARGVGKSALTIQLI,1,
80824,CASSPTLYNEQFF,TRBV7-2*01,TRBJ2-1*01,TRBV7-2*01-CASSPTLYNEQFF-TRBJ2-1*01,GVYALIAGA,1,
80826,CASSLSYLNEQFF,TRBV5-1*01,TRBJ2-1*01,TRBV5-1*01-CASSLSYLNEQFF-TRBJ2-1*01,GVYALIAGA,1,
80828,CASHPVGSLTDTQYF,TRBV6-5*01,TRBJ2-3*01,TRBV6-5*01-CASHPVGSLTDTQYF-TRBJ2-3*01,GVYALIAGA,1,
80830,CASHPVGSLTDTQYF,TRBV6-5*01,TRBJ2-3*01,TRBV6-5*01-CASHPVGSLTDTQYF-TRBJ2-3*01,GVYALIAGA,1,
80832,CASSEWVFWSSYNSPLHF,TRBV6-1*01,TRBJ1-6*01,TRBV6-1*01-CASSEWVFWSSYNSPLHF-TRBJ1-6*01,GVYALIAGA,1,
80861,CASSEEPHEKYFF,TRBV2*01,TRBJ1-4*01,TRBV2*01-CASSEEPHEKYFF-TRBJ1-4*01,FIASNGVKLV,1,
80862,CSSFGTDQPQYF,TRBV20-1*01,TRBJ1-5*01,TRBV20-1*01-CSSFGTDQPQYF-TRBJ1-5*01,FIASNGVKLV,1,
80863,CASSALGDEQYF,TRBV13*01,TRBJ2-7*01,TRBV13*01-CASSALGDEQYF-TRBJ2-7*01,FIASNGVKLV,1,
80864,CASSQVEKGRETQYF,TRBV4-1*01,TRBJ2-5*01,TRBV4-1*01-CASSQVEKGRETQYF-TRBJ2-5*01,FLDEFMEGV,1,
80865,CASSLAGGGEQFF,TRBV5-1*01,TRBJ2-1*01,TRBV5-1*01-CASSLAGGGEQFF-TRBJ2-1*01,FLDEFMEGV,1,
80867,CASSTRPGTEAFF,TRBV19*01,TRBJ1-1*01,TRBV19*01-CASSTRPGTEAFF-TRBJ1-1*01,LLEFYLAMPFATP,1,
80869,CSARDRIAVYNEQFF,TRBV20-1*01,TRBJ2-1*01,TRBV20-1*01-CSARDRIAVYNEQFF-TRBJ2-1*01,LLEFYLAMPFATP,1,
80871,CASTLALGGGANEQFF,TRBV6-1*01,TRBJ2-1*01,TRBV6-1*01-CASTLALGGGANEQFF-TRBJ2-1*01,LLEFYLAMPFATP,1,
80873,CAISRDTRRGQPQHF,TRBV10-3*01,TRBJ1-5*01,TRBV10-3*01-CAISRDTRRGQPQHF-TRBJ1-5*01,LLEFYLAMPFATP,1,
80875,CASSPARDGGGNEQFF,TRBV7-9*01,TRBJ2-1*01,TRBV7-9*01-CASSPARDGGGNEQFF-TRBJ2-1*01,LLEFYLAMPFATP,1,
80876,CASSVGPDGSNQPQHF,TRBV9*01,TRBJ1-5*01,TRBV9*01-CASSVGPDGSNQPQHF-TRBJ1-5*01,LLEFYLAMPFATP,1,
80878,CASSTTGKRGEQYF,TRBV19*01,TRBJ2-7*01,TRBV19*01-CASSTTGKRGEQYF-TRBJ2-7*01,LLEFYLAMPFATP,1,
80879,CASSLSSGNYYGYTF,TRBV5-1*01,TRBJ1-2*01,TRBV5-1*01-CASSLSSGNYYGYTF-TRBJ1-2*01,LLEFYLAMPFATP,1,
80880,CAWGPRGPNYSGNTIYF,TRBV30*01,TRBJ1-3*01,TRBV30*01-CAWGPRGPNYSGNTIYF-TRBJ1-3*01,LLEFYLAMPFATP,1,
80882,CASSQSTVRYGYTF,TRBV16*01,TRBJ1-2*01,TRBV16*01-CASSQSTVRYGYTF-TRBJ1-2*01,LLEFYLAMPFATP,1,
80884,CASSVGPSGGASELFF,TRBV9*01,TRBJ2-2*01,TRBV9*01-CASSVGPSGGASELFF-TRBJ2-2*01,LLEFYLAMPFATP,1,
80886,CASSVGPNGSNQPQHF,TRBV9*01,TRBJ1-5*01,TRBV9*01-CASSVGPNGSNQPQHF-TRBJ1-5*01,LLEFYLAMPFATP,1,
80888,CASSLGRRGGPYNEQFF,TRBV12-3*01,TRBJ2-1*01,TRBV12-3*01-CASSLGRRGGPYNEQFF-TRBJ2-1*01,LLEFYLAMPFATP,1,
80890,CASSVAPSGVGTQYF,TRBV9*01,TRBJ2-5*01,TRBV9*01-CASSVAPSGVGTQYF-TRBJ2-5*01,LLEFYLAMPFATP,1,
80892,CASSPNRVYGYTF,TRBV10-1*01,TRBJ1-2*01,TRBV10-1*01-CASSPNRVYGYTF-TRBJ1-2*01,LLEFYLAMPFATP,1,
80894,CASRLRWGAAAGELFF,TRBV4-1*01,TRBJ2-2*01,TRBV4-1*01-CASRLRWGAAAGELFF-TRBJ2-2*01,LLEFYLAMPFATP,1,
80961,CSVEKGNNYGYTF,TRBV29-1*01,TRBJ1-2*01,TRBV29-1*01-CSVEKGNNYGYTF-TRBJ1-2*01,RLPGVLPRA,1,
80963,CASSLSQGIYYEQYF,TRBV7-6*01,TRBJ2-7*01,TRBV7-6*01-CASSLSQGIYYEQYF-TRBJ2-7*01,RLPGVLPRA,1,
80965,CASEGVHEQFF,TRBV2*01,TRBJ2-1*01,TRBV2*01-CASEGVHEQFF-TRBJ2-1*01,LLIRWQHFL,1,
80967,CASSPVGWGNTIYF,TRBV18*01,TRBJ1-3*01,TRBV18*01-CASSPVGWGNTIYF-TRBJ1-3*01,AALPILFQV,1,
80969,CASSTMGDYYEQYF,TRBV14*01,TRBJ2-7*01,TRBV14*01-CASSTMGDYYEQYF-TRBJ2-7*01,ALLLQLFTL,1,
80971,CASSLWAGNTIYF,TRBV7-6*01,TRBJ1-3*01,TRBV7-6*01-CASSLWAGNTIYF-TRBJ1-3*01,ALLPGLPAA,1,
80973,CAINSGFGSPLHF,TRBV15*01,TRBJ1-6*01,TRBV15*01-CAINSGFGSPLHF-TRBJ1-6*01,ALLPGLPAA,1,
80975,CSASQIYEQYF,TRBV20-1*01,TRBJ2-7*01,TRBV20-1*01-CSASQIYEQYF-TRBJ2-7*01,ALLPGLPAA,1,
80977,CASSFSLQYEQYF,TRBV7-7*01,TRBJ2-7*01,TRBV7-7*01-CASSFSLQYEQYF-TRBJ2-7*01,ALLPGLPAA,1,
80979,CASSLFGLAGVEETQYF,TRBV28*01,TRBJ2-5*01,TRBV28*01-CASSLFGLAGVEETQYF-TRBJ2-5*01,RLPGVLPRA,1,
80981,CASSQAISDREVWDQETQYF,TRBV3-1*01,TRBJ2-5*01,TRBV3-1*01-CASSQAISDREVWDQETQYF-TRBJ2-5*01,RLPGVLPRA,1,
80983,CASSLTPPGSYNEQFF,TRBV27*01,TRBJ2-1*01,TRBV27*01-CASSLTPPGSYNEQFF-TRBJ2-1*01,RLPGVLPRA,1,
80985,CASSFGGDGYNEQFF,TRBV12-3*01,TRBJ2-1*01,TRBV12-3*01-CASSFGGDGYNEQFF-TRBJ2-1*01,RLPGVLPRA,1,
80987,CASSLRDRGNQPQHF,TRBV13*01,TRBJ1-5*01,TRBV13*01-CASSLRDRGNQPQHF-TRBJ1-5*01,RLPGVLPRA,1,
80989,CSVEDLGAGVSNEQFF,TRBV29-1*01,TRBJ2-1*01,TRBV29-1*01-CSVEDLGAGVSNEQFF-TRBJ2-1*01,RLPGVLPRA,1,
80991,CASSYEDHEQYF,TRBV3-1*01,TRBJ2-7*01,TRBV3-1*01-CASSYEDHEQYF-TRBJ2-7*01,RLPGVLPRA,1,
80993,CASSYSPGYEQYF,TRBV6-5*01,TRBJ2-7*01,TRBV6-5*01-CASSYSPGYEQYF-TRBJ2-7*01,RLPGVLPRA,1,
80995,CASSLEVGLAPNEQFF,TRBV27*01,TRBJ2-1*01,TRBV27*01-CASSLEVGLAPNEQFF-TRBJ2-1*01,RLPGVLPRA,1,
80997,CASSLAGGSYEQYF,TRBV27*01,TRBJ2-7*01,TRBV27*01-CASSLAGGSYEQYF-TRBJ2-7*01,RLPGVLPRA,1,
80999,CASSLITGDTEAFF,TRBV27*01,TRBJ1-1*01,TRBV27*01-CASSLITGDTEAFF-TRBJ1-1*01,RLPGVLPRA,1,
81001,CASSPRDEQFF,TRBV7-9*01,TRBJ2-1*01,TRBV7-9*01-CASSPRDEQFF-TRBJ2-1*01,RLGEVRHPV,1,
81012,CASSVAGGGQETQYF,TRBV9*01,TRBJ2-5*01,TRBV9*01-CASSVAGGGQETQYF-TRBJ2-5*01,VVVGAVGVGK,1,
81014,CASSLSFRQGLREQYF,TRBV28*01,TRBJ2-7*01,TRBV28*01-CASSLSFRQGLREQYF-TRBJ2-7*01,VVVGAVGVGK,1,
81016,CASKVYGYTF,TRBV7-2*01,TRBJ1-2*01,TRBV7-2*01-CASKVYGYTF-TRBJ1-2*01,GARGVGKSAL,1,
83809,CASSWWDTGELFF,TRBV6-2*01,TRBJ2-2*01,TRBV6-2*01-CASSWWDTGELFF-TRBJ2-2*01,RMFPNAPYL,1,
83811,CAWGTLATEQYF,TRBV28*01,TRBJ2-7*01,TRBV28*01-CAWGTLATEQYF-TRBJ2-7*01,RMFPNAPYL,1,
83813,CASSLEIFGGIADTDTQYF,TRBV11-2*01,TRBJ2-3*01,TRBV11-2*01-CASSLEIFGGIADTDTQYF-TRBJ2-3*01,KIFGSLAFL,1,
84050,CASSFAGTDTQYF,TRBV27*01,TRBJ2-3*01,TRBV27*01-CASSFAGTDTQYF-TRBJ2-3*01,ELAGIGILTV,1,
84051,CAWSQMGLGTEAFF,TRBV30*01,TRBJ1-1*01,TRBV30*01-CAWSQMGLGTEAFF-TRBJ1-1*01,ELAGIGILTV,1,
84052,CASSYSFTEATYEQYF,TRBV6-5*01,TRBJ2-7*01,TRBV6-5*01-CASSYSFTEATYEQYF-TRBJ2-7*01,ELAGIGILTV,1,
84053,CASSYVGLGSPLHF,TRBV6-3*01,TRBJ1-6*01,TRBV6-3*01-CASSYVGLGSPLHF-TRBJ1-6*01,ELAGIGILTV,1,
84054,CASSWAGPVEQYF,TRBV12-4*01,TRBJ2-7*01,TRBV12-4*01-CASSWAGPVEQYF-TRBJ2-7*01,ELAGIGILTV,1,
84055,CASSFAGTDTQYF,TRBV27*01,TRBJ2-3*01,TRBV27*01-CASSFAGTDTQYF-TRBJ2-3*01,ELAGIGILTV,1,
84057,CAWSQMGLGTEAFF,TRBV30*01,TRBJ1-1*01,TRBV30*01-CAWSQMGLGTEAFF-TRBJ1-1*01,ELAGIGILTV,1,
84060,CASSWAGPVEQYF,TRBV12-4*01,TRBJ2-7*01,TRBV12-4*01-CASSWAGPVEQYF-TRBJ2-7*01,ELAGIGILTV,1,
84065,CASSYSFTEATYEQYF,TRBV6-5*01,TRBJ2-7*01,TRBV6-5*01-CASSYSFTEATYEQYF-TRBJ2-7*01,ELAGIGILTV,1,
84078,CASSPETGIGGQPQHF,TRBV7-2*01,TRBJ1-5*01,TRBV7-2*01-CASSPETGIGGQPQHF-TRBJ1-5*01,NLSALGIFST,1,
84079,CSARQGQGFLYEQYF,TRBV20-1*01,TRBJ2-7*01,TRBV20-1*01-CSARQGQGFLYEQYF-TRBJ2-7*01,NLSALGIFST,1,
84080,CASSFEGNTGELFF,TRBV27*01,TRBJ2-2*01,TRBV27*01-CASSFEGNTGELFF-TRBJ2-2*01,NLSALGIFST,1,
84081,CASSQVGQAIYGYTF,TRBV4-1*01,TRBJ1-2*01,TRBV4-1*01-CASSQVGQAIYGYTF-TRBJ1-2*01,NLSALGIFST,1,
84082,CASSTLRYEQYF,TRBV7-9*01,TRBJ2-7*01,TRBV7-9*01-CASSTLRYEQYF-TRBJ2-7*01,NLSALGIFST,1,
84091,CSVEDRGVSYEQYF,TRBV29-1*01,TRBJ2-7*01,TRBV29-1*01-CSVEDRGVSYEQYF-TRBJ2-7*01,NLSALGIFST,1,
84092,CASSPETGIGGQPQHF,TRBV7-2*01,TRBJ1-5*01,TRBV7-2*01-CASSPETGIGGQPQHF-TRBJ1-5*01,NLSALGIFST,1,
84093,CASGLDIHAFF,TRBV12-5*01,TRBJ1-1*01,TRBV12-5*01-CASGLDIHAFF-TRBJ1-1*01,NLSALGIFST,1,
84094,CASSPLDNWEQFF,TRBV18*01,TRBJ2-1*01,TRBV18*01-CASSPLDNWEQFF-TRBJ2-1*01,NLSALGIFST,1,
84095,CASSLEVTYEQYF,TRBV7-9*01,TRBJ2-7*01,TRBV7-9*01-CASSLEVTYEQYF-TRBJ2-7*01,NLSALGIFST,1,
84096,CASSLAGEGGNTIYF,TRBV7-9*01,TRBJ1-3*01,TRBV7-9*01-CASSLAGEGGNTIYF-TRBJ1-3*01,NLSALGIFST,1,
84097,CSARQGQGFLYEQYF,TRBV20-1*01,TRBJ2-7*01,TRBV20-1*01-CSARQGQGFLYEQYF-TRBJ2-7*01,NLSALGIFST,1,
84098,CASSEGQNYGYTF,TRBV27*01,TRBJ1-2*01,TRBV27*01-CASSEGQNYGYTF-TRBJ1-2*01,NLSALGIFST,1,
84101,CASSFEGNTGELFF,TRBV27*01,TRBJ2-2*01,TRBV27*01-CASSFEGNTGELFF-TRBJ2-2*01,NLSALGIFST,1,
84102,CASSQVGQAIYGYTF,TRBV4-1*01,TRBJ1-2*01,TRBV4-1*01-CASSQVGQAIYGYTF-TRBJ1-2*01,NLSALGIFST,1,
84104,CASSTLRYEQYF,TRBV7-9*01,TRBJ2-7*01,TRBV7-9*01-CASSTLRYEQYF-TRBJ2-7*01,NLSALGIFST,1,
84122,CASSPETGIGGQPQHF,TRBV7-2*01,TRBJ1-5*01,TRBV7-2*01-CASSPETGIGGQPQHF-TRBJ1-5*01,NLSALGIFST,1,
84123,CATSDRGQGANWDEQFF,TRBV24-1*01,TRBJ2-1*01,TRBV24-1*01-CATSDRGQGANWDEQFF-TRBJ2-1*01,NLSALGIFST,1,
84124,CASSQVGQAIYGYTF,TRBV4-1*01,TRBJ1-2*01,TRBV4-1*01-CASSQVGQAIYGYTF-TRBJ1-2*01,NLSALGIFST,1,
84125,CSARQGQGFLYEQYF,TRBV20-1*01,TRBJ2-7*01,TRBV20-1*01-CSARQGQGFLYEQYF-TRBJ2-7*01,NLSALGIFST,1,
84126,CASSFEGNTGELFF,TRBV27*01,TRBJ2-2*01,TRBV27*01-CASSFEGNTGELFF-TRBJ2-2*01,NLSALGIFST,1,
84127,CASSVATLRVSTNEKLFF,TRBV10-1*01,TRBJ1-4*01,TRBV10-1*01-CASSVATLRVSTNEKLFF-TRBJ1-4*01,NLSALGIFST,1,
84128,CASSTLRYEQYF,TRBV7-9*01,TRBJ2-7*01,TRBV7-9*01-CASSTLRYEQYF-TRBJ2-7*01,NLSALGIFST,1,
84138,CASSPLDNWEQFF,TRBV18*01,TRBJ2-1*01,TRBV18*01-CASSPLDNWEQFF-TRBJ2-1*01,NLSALGIFST,1,
84139,CASSPLDNWEQFF,TRBV18*01,TRBJ2-1*01,TRBV18*01-CASSPLDNWEQFF-TRBJ2-1*01,NLSALGIFST,1,
84140,CASSIQRNYGYTF,TRBV6-5*01,TRBJ1-2*01,TRBV6-5*01-CASSIQRNYGYTF-TRBJ1-2*01,NLSALGIFST,1,
84141,CASSATFNDNEKLFF,TRBV10-1*01,TRBJ1-4*01,TRBV10-1*01-CASSATFNDNEKLFF-TRBJ1-4*01,NLSALGIFST,1,
84142,CATSDFGTEAFF,TRBV24-1*01,TRBJ1-1*01,TRBV24-1*01-CATSDFGTEAFF-TRBJ1-1*01,NLSALGIFST,1,
84143,CSVEDRGVSYEQYF,TRBV29-1*01,TRBJ2-7*01,TRBV29-1*01-CSVEDRGVSYEQYF-TRBJ2-7*01,NLSALGIFST,1,
84144,CASSQGQLAGGLVF,TRBV4-1*01,TRBJ2-4*01,TRBV4-1*01-CASSQGQLAGGLVF-TRBJ2-4*01,NLSALGIFST,1,
84145,CASSGSKGAAGELFF,TRBV11-2*01,TRBJ2-2*01,TRBV11-2*01-CASSGSKGAAGELFF-TRBJ2-2*01,NLSALGIFST,1,
84146,CASSLEVTYEQYF,TRBV7-9*01,TRBJ2-7*01,TRBV7-9*01-CASSLEVTYEQYF-TRBJ2-7*01,NLSALGIFST,1,
84147,CASSLAGEGGNTIYF,TRBV7-9*01,TRBJ1-3*01,TRBV7-9*01-CASSLAGEGGNTIYF-TRBJ1-3*01,NLSALGIFST,1,
84148,CASSEGQNYGYTF,TRBV27*01,TRBJ1-2*01,TRBV27*01-CASSEGQNYGYTF-TRBJ1-2*01,NLSALGIFST,1,
84153,CASGLDIHAFF,TRBV12-5*01,TRBJ1-1*01,TRBV12-5*01-CASGLDIHAFF-TRBJ1-1*01,NLSALGIFST,1,
84171,CASSPETGIGGQPQHF,TRBV7-2*01,TRBJ1-5*01,TRBV7-2*01-CASSPETGIGGQPQHF-TRBJ1-5*01,NLSALGIFST,1,
